1079945951,-4229296747893291430,-411335927,-2931250
1079945951,-4229296747893291429,7373084,1898221123
1079945951,-4229296747893291428,-93518300,1590040048
1079945951,-4229296747893291427,1419963828,80979368
1079945951,-4229296747893291426,1787793017,1898221123
1079945951,-4229296747893291425,1997933066,1898221123
1079945951,-4229296747893291424,-1788120360,516640781
1079945951,-4229296747893291423,-141242713,516640781
1079945951,-4229296747893291422,-1914269031,387394544
1079945951,-4229296747893291421,68641033,-2931250
1079945951,-4229296747893291420,957755567,387394544
1079945951,-4229296747893291419,952257395,-2931250
1079945951,-4229296747893291418,49569221,516640781
1079945951,-4229296747893291417,2139997663,-2931250
1079945951,-4229296747893291416,-1896653859,404137701
1079945951,-4229296747893291415,-1836418419,1898221123
1079945951,-4229296747893291414,2105614871,1898221123
1079945951,-4229296747893291413,-2060842333,404137701
1079945951,-4229296747893291412,1136704445,-2931250
1079945951,-4229296747893291411,137612648,80979368
1079945951,-4229296747893291410,2135518957,1898221123
1079945951,-4229296747893291409,474518922,387394544
1079945951,-4229296747893291408,345466143,-2931250
1079945951,-4229296747893291407,1479566837,404137701
1079945951,-4229296747893291406,-40465579,1898221123
1079945951,-4229296747893291405,-1291625399,1734534849
1079945951,-4229296747893291404,-2051816742,404137701
1079945951,-4229296747893291403,1126238088,1590040048
1079945951,-4229296747893291402,-905326143,-2931250
1079945951,-4229296747893291401,-1856699658,387394544
1079945951,-4229296747893291400,-1963797886,1590040048
1079945951,-4229296747893291399,-896546998,1898221123
1079945951,-4229296747893291398,-436215118,-2931250
1079945951,-4229296747893291397,852331234,1898221123
1079945951,-4229296747893291396,-1569541665,387394544
1079945951,-4229296747893291395,1253226596,-2931250
1079945951,-4229296747893291394,2020729783,387394544
1079945951,-4229296747893291393,791320272,1734534849
1079945951,-4229296747893291392,949016748,1590040048
1079945951,-4229296747893291391,-1459939257,1898221123
1079945951,-4229296747893291390,-526119023,1734534849
1079945951,-4229296747893291389,1924061455,516640781
1079945951,-4229296747893291388,-1061948041,-2931250
1079945951,-4229296747893291387,-1886144527,1590040048
1079945951,-4229296747893291386,1828679229,516640781
1079945951,-4229296747893291385,35234087,1734534849
1079945951,-4229296747893291384,-1754965022,1898221123
1079945951,-4229296747893291383,-1752620462,404137701
1079945951,-4229296747893291382,-1676645956,404137701
1079945951,-4229296747893291381,-2008915829,1734534849
1079945951,-4229296747893291380,-488498570,387394544
1079945951,-4229296747893291379,314484537,404137701
1079945951,-4229296747893291378,-2081224659,387394544
1079945951,-4229296747893291377,1281254764,80979368
1079945951,-4229296747893291376,-573245045,516640781
1079945951,-4229296747893291375,661443374,1898221123
1079945951,-4229296747893291374,1959196200,1590040048
1079945951,-4229296747893291373,157122560,80979368
1079945951,-4229296747893291372,1621924279,1898221123
1079945951,-4229296747893291371,51462837,1898221123
1079945951,-4229296747893291370,753202288,1590040048
1079945951,-4229296747893291369,383030732,516640781
1079945951,-4229296747893291368,700915321,154626043
1079945951,-4229296747893291367,1484066642,516640781
1079945951,-4229296747893291366,-566583195,404137701
1079945951,-4229296747893291365,-66817449,-2931250
1079945951,-4229296747893291364,1344089099,1898221123
1079945951,-4229296747893291363,151841102,1898221123
1079945951,-4229296747893291362,-1839338249,516640781
1079945951,-4229296747893291361,668035427,516640781
1079945951,-4229296747893291360,47250327,516640781
1079945951,-4229296747893291359,581740275,1898221123
1079945951,-4229296747893291358,1752500478,404137701
1079945951,-4229296747893291357,-1343855127,-2931250
1079945951,-4229296747893291356,769166940,516640781
1079945951,-4229296747893291355,-1717433246,516640781
1079945951,-4229296747893291354,126981125,387394544
1079945951,-4229296747893291353,1909452137,-2931250
1079945951,-4229296747893291352,-895098814,-2931250
1079945951,-4229296747893291351,-579811963,-2931250
1079945951,-4229296747893291350,1565217649,154626043
1079945951,-4229296747893291349,1205915050,387394544
1079945951,-4229296747893291348,1444150940,154626043
1079945951,-4229296747893291347,-1924238334,154626043
1079945951,-4229296747893291346,774517038,516640781
1079945951,-4229296747893291345,-983726585,1590040048
1079945951,-4229296747893291344,-3941116,953071760
1079945951,-4229296747893291343,2126468928,1590040048
1079945951,-4229296747893291342,-1943267868,516640781
1079945951,-4229296747893291341,-2073667321,387394544
1079945951,-4229296747893291340,-614538921,1590040048
1079945951,-4229296747893291339,-58058710,1590040048
1079945951,-4229296747893291338,-2050701021,387394544
1079945951,-4229296747893291337,867589228,154626043
1079945951,-4229296747893291336,-1788120360,80979368
1079945951,-4229296747893291335,-1012336571,404137701
1079945951,-4229296747893291334,-1561037613,953071760
1079945951,-4229296747893291333,2073922223,1590040048
1079945951,-4229296747893291332,-1742645942,404137701
1079945951,-4229296747893291331,-144450791,404137701
1079945951,-4229296747893291330,-920048779,404137701
1079945951,-4229296747893291329,262577771,516640781
1079945951,-4229296747893291328,-640519406,953071760
1079945951,-4229296747893291327,1215760612,1590040048
1079945951,-4229296747893291326,147698225,404137701
1079945951,-4229296747893291325,1615072499,516640781
1079945951,-4229296747893291324,155809000,516640781
1079945951,-4229296747893291323,-1644463871,404137701
1079945951,-4229296747893291322,-993170101,404137701
1079945951,-4229296747893291321,1691412485,154626043
1079945951,-4229296747893291320,-1810333626,404137701
1079945951,-4229296747893291319,-1754965022,80979368
1079945951,-4229296747893291318,-1995110897,1898221123
1079945951,-4229296747893291317,-1845304975,1590040048
1079945951,-4229296747893291316,431855474,404137701
1079945951,-4229296747893291315,-1454559601,1590040048
1079945951,-4229296747893291314,489137341,1898221123
1079945951,-4229296747893291313,-1905725679,1898221123
1079945951,-4229296747893291312,-1227944070,953071760
1079945951,-4229296747893291311,836294669,516640781
1079945951,-4229296747893291310,908495348,80979368
1079945951,-4229296747893291309,824785267,516640781
1079945951,-4229296747893291308,-1535794280,953071760
1079945951,-4229296747893291307,-2005321478,953071760
1079945951,-4229296747893291306,-1137209950,516640781
1079945951,-4229296747893291305,-76602508,1590040048
1079945951,-4229296747893291304,555782799,953071760
1079945951,-4229296747893291303,-1621260962,80979368
1079945951,-4229296747893291302,118627732,80979368
1079945951,-4229296747893291301,502182131,154626043
1079945951,-4229296747893291300,-301985638,404137701
1079945951,-4229296747893291299,-2014374253,387394544
1079945951,-4229296747893291298,-1365477132,80979368
1079945951,-4229296747893291297,142527698,1590040048
1079945951,-4229296747893291296,-471234694,80979368
1079945951,-4229296747893291295,-1987518683,80979368
1079945951,-4229296747893291294,1522106626,516640781
1079945951,-4229296747893291293,-1914972098,404137701
1079945951,-4229296747893291292,137366091,1590040048
1079945951,-4229296747893291291,-82376463,516640781
1079945951,-4229296747893291290,-1709703120,953071760
1079945951,-4229296747893291289,-1897498585,154626043
1079945951,-4229296747893291288,-2016502175,516640781
1079945951,-4229296747893291287,630895966,516640781
1079945951,-4229296747893291286,1938554147,176878464
1079945951,-4229296747893291285,173049612,176878464
1079945951,-4229296747893291284,766076533,1590040048
1079945951,-4229296747893291283,1184085552,953071760
1079945951,-4229296747893291282,56487003,516640781
1079945951,-4229296747893291281,813488809,176878464
1079945951,-4229296747893291280,73884015,176878464
1079945951,-4229296747893291279,1439655140,154626043
1079945951,-4229296747893291278,-1223589639,80979368
1079945951,-4229296747893291277,2080298231,154626043
1079945951,-4229296747893291276,-808900919,387394544
1079945951,-4229296747893291275,-1434914570,154626043
1079945951,-4229296747893291274,1620715223,154626043
1079945951,-4229296747893291273,-587508668,387394544
1079945951,-4229296747893291272,2142284470,1590040048
1079945951,-4229296747893291271,1497889014,176878464
1079945951,-4229296747893291270,283318343,176878464
1079945951,-4229296747893291269,-1195119941,176878464
1079945951,-4229296747893291268,28868443,80979368
1079945951,-4229296747893291267,-95341542,387394544
1079945951,-4229296747893291266,-1152934557,80979368
1079945951,-4229296747893291265,559684981,239819818
1079945951,-4229296747893291264,-1276580615,1590040048
1079945951,-4229296747893291263,75542898,404137701
1079945951,-4229296747893291262,-1704396629,387394544
1079945951,-4229296747893291261,-99047964,953071760
1079945951,-4229296747893291260,383030732,80979368
1079945951,-4229296747893291259,-436215118,387394544
1079945951,-4229296747893291258,-1959506983,387394544
1079945951,-4229296747893291257,159540344,516640781
1079945951,-4229296747893291256,-1295076789,404137701
1079945951,-4229296747893291255,-1912986273,404137701
1079945951,-4229296747893291254,684090396,516640781
1079945951,-4229296747893291253,1159768193,239819818
1079945951,-4229296747893291252,-2125281518,953071760
1079945951,-4229296747893291251,479769384,516640781
1079945951,-4229296747893291250,1814686172,239819818
1079945951,-4229296747893291249,-1822730105,516640781
1079945951,-4229296747893291248,-195227453,404137701
1079945951,-4229296747893291247,1047294532,387394544
1079945951,-4229296747893291246,1396306766,239819818
1079945951,-4229296747893291245,1750429770,80979368
1079945951,-4229296747893291244,453576900,80979368
1079945951,-4229296747893291243,-1143760242,80979368
1079945951,-4229296747893291242,2013279516,387394544
1079945951,-4229296747893291241,-1717433246,516640781
1079945951,-4229296747893291240,1366718133,404137701
1079945951,-4229296747893291239,899272732,176878464
1079945951,-4229296747893291238,-1791928237,516640781
1079945951,-4229296747893291237,-1928824049,387394544
1079945951,-4229296747893291236,638713955,516640781
1079945951,-4229296747893291235,-1773000525,404137701
1079945951,-4229296747893291234,952514289,404137701
1079945951,-4229296747893291233,870131722,953071760
1079945951,-4229296747893291232,-346499204,239819818
1079945951,-4229296747893291231,-304185329,953071760
1079945951,-4229296747893291230,-755081679,387394544
1079945951,-4229296747893291229,-1370582416,176878464
1079945951,-4229296747893291228,-465332667,404137701
1079945951,-4229296747893291227,148884409,516640781
1079945951,-4229296747893291226,708902407,1590040048
1079945951,-4229296747893291225,-2007425178,176878464
1079945951,-4229296747893291224,416186705,953071760
1079945951,-4229296747893291223,-1934800972,80979368
1079945951,-4229296747893291222,156984355,80979368
1079945951,-4229296747893291221,208576910,387394544
1079945951,-4229296747893291220,76682258,953071760
1079945951,-4229296747893291219,-82376463,953071760
1079945951,-4229296747893291218,-616813378,176878464
1079945951,-4229296747893291217,163960962,1590040048
1079945951,-4229296747893291216,1219917411,80979368
1079945951,-4229296747893291215,-874647063,239819818
1079945951,-4229296747893291214,-830419687,239819818
1079945951,-4229296747893291213,-1959633549,1590040048
1079945951,-4229296747893291212,-1186149349,1590040048
1079945951,-4229296747893291211,-1551033647,1590040048
1079945951,-4229296747893291210,-1312748344,80979368
1079945951,-4229296747893291209,49569221,516640781
1079945951,-4229296747893291208,129765494,404137701
1079945951,-4229296747893291207,-1009174164,239819818
1079945951,-4229296747893291206,-1219144547,516640781
1079945951,-4229296747893291205,261536885,239819818
1079945951,-4229296747893291204,-181556828,239819818
1079945951,-4229296747893291203,125962540,176878464
1079945951,-4229296747893291202,915429633,404137701
1079945951,-4229296747893291201,335253791,516640781
1079945951,-4229296747893291200,2132856710,176878464
1079945951,-4229296747893291199,-152669839,176878464
1079945951,-4229296747893291198,870131722,404137701
1079945951,-4229296747893291197,-732718173,80979368
1079945951,-4229296747893291196,51462837,80979368
1079945951,-4229296747893291195,2073922223,239819818
1079945951,-4229296747893291194,-317910069,387394544
1079945951,-4229296747893291193,-1567581198,516640781
1079945951,-4229296747893291192,-2067875376,176878464
1079945951,-4229296747893291191,-182195663,387394544
1079945951,-4229296747893291190,-1027499650,239819818
1079945951,-4229296747893291189,-1464158506,387394544
1079945951,-4229296747893291188,2140017695,404137701
1079945951,-4229296747893291187,-1763936902,516640781
1079945951,-4229296747893291186,2085954642,404137701
1079945951,-4229296747893291185,-417782088,404137701
1079945951,-4229296747893291184,382849045,387394544
1079945951,-4229296747893291183,67299783,176878464
1079945951,-4229296747893291182,1193387434,387394544
1079945951,-4229296747893291181,1783167105,176878464
1079945951,-4229296747893291180,-921812361,176878464
1079945951,-4229296747893291179,-1522943684,404137701
1079945951,-4229296747893291178,1330497053,80979368
1079945951,-4229296747893291177,-666911069,239819818
1079945951,-4229296747893291176,1865738382,404137701
1079945951,-4229296747893291175,637181721,404137701
1079945951,-4229296747893291174,43041127,176878464
1079945951,-4229296747893291173,1635877674,176878464
1079945951,-4229296747893291172,-2051220005,404137701
1079945951,-4229296747893291171,1801793684,176878464
1079945951,-4229296747893291170,2046734065,176878464
1079945951,-4229296747893291169,4812493,176878464
1079945951,-4229296747893291168,-443971192,176878464
1079945951,-4229296747893291167,1620715223,404137701
1079945951,-4229296747893291166,1038292545,176878464
1079945951,-4229296747893291165,81331089,176878464
1079945951,-4229296747893291164,-45057371,404137701
1079945951,-4229296747893291163,-152285228,516640781
1079945951,-4229296747893291162,-199932145,1590040048
1079945951,-4229296747893291161,1803356011,953071760
1079945951,-4229296747893291160,1995683587,176878464
1079945951,-4229296747893291159,2115657348,80979368
1079945951,-4229296747893291158,-724680520,953071760
1079945951,-4229296747893291157,1331416934,387394544
1079945951,-4229296747893291156,76338421,953071760
1079945951,-4229296747893291155,-1856699658,404137701
1079945951,-4229296747893291154,-2089645508,2072789614
1079945951,-4229296747893291153,-1868151341,516640781
1079945951,-4229296747893291152,-300011235,80979368
1079945951,-4229296747893291151,-896546998,387394544
1079945951,-4229296747893291150,-357752229,953071760
1079945951,-4229296747893291149,113423504,516640781
1079945951,-4229296747893291148,-1207992667,176878464
1079945951,-4229296747893291147,-1295076789,404137701
1079945951,-4229296747893291146,1790030317,516640781
1079945951,-4229296747893291145,-2022839167,404137701
1079945951,-4229296747893291144,202112455,953071760
1079945951,-4229296747893291143,469737191,1590040048
1079945951,-4229296747893291142,979316658,953071760
1079945951,-4229296747893291141,308532057,2072789614
1079945951,-4229296747893291140,261175115,80979368
1079945951,-4229296747893291139,-2016353240,176878464
1079945951,-4229296747893291138,-1355359371,387394544
1079945951,-4229296747893291137,-1198544613,404137701
1079945951,-4229296747893291136,1251262405,176878464
1079945951,-4229296747893291135,14372597,516640781
1079945951,-4229296747893291134,997491967,80979368
1079945951,-4229296747893291133,-452426501,2072789614
1079945951,-4229296747893291132,760519873,2072789614
1079945951,-4229296747893291131,1825533429,1590040048
1079945951,-4229296747893291130,65090122,176878464
1079945951,-4229296747893291129,-696833456,80979368
1079945951,-4229296747893291128,-624123362,953071760
1079945951,-4229296747893291127,-235767177,2072789614
1079945951,-4229296747893291126,-1853496562,176878464
1079945951,-4229296747893291125,2080513081,953071760
1079945951,-4229296747893291124,81443544,953071760
1079945951,-4229296747893291123,-2081415010,387394544
1079945951,-4229296747893291122,-415085516,2072789614
1079945951,-4229296747893291121,452373604,387394544
1079945951,-4229296747893291120,-456493499,953071760
1079945951,-4229296747893291119,823889962,404137701
1079945951,-4229296747893291118,1306750359,516640781
1079945951,-4229296747893291117,609467139,2072789614
1079945951,-4229296747893291116,-2081257184,404137701
1079945951,-4229296747893291115,-310152652,387394544
1079945951,-4229296747893291114,1224365125,2072789614
1079945951,-4229296747893291113,8757051,176878464
1079945951,-4229296747893291112,-1536012602,953071760
1079945951,-4229296747893291111,-2072674990,953071760
1079945951,-4229296747893291110,-509416293,516640781
1079945951,-4229296747893291109,-1390413909,404137701
1079945951,-4229296747893291108,-1806432143,1590040048
1079945951,-4229296747893291107,-2049689449,387394544
1079945951,-4229296747893291106,650323015,516640781
1079945951,-4229296747893291105,-1942063644,516640781
1079945951,-4229296747893291104,-149587747,516640781
1079945951,-4229296747893291103,-2087971759,387394544
1079945951,-4229296747893291102,49569221,1590040048
1079945951,-4229296747893291101,-2146019666,953071760
1079945951,-4229296747893291100,788301677,404137701
1079945951,-4229296747893291099,-16990474,387394544
1079945951,-4229296747893291098,-1886144527,516640781
1079945951,-4229296747893291097,772052677,516640781
1079945951,-4229296747893291096,1871089693,404137701
1079945951,-4229296747893291095,-749670682,404137701
1079945951,-4229296747893291094,-2018712482,953071760
1079945951,-4229296747893291093,-40465579,176878464
1079945951,-4229296747893291092,4346764,404137701
1079945951,-4229296747893291091,2124592523,176878464
1079945951,-4229296747893291090,-1763174185,176878464
1079945951,-4229296747893291089,1882353057,2072789614
1079945951,-4229296747893291088,1637947515,387394544
1079945951,-4229296747893291087,322548429,387394544
1079945951,-4229296747893291086,66347301,2072789614
1079945951,-4229296747893291085,1509336824,516640781
1079945951,-4229296747893291084,142527698,176878464
1079945951,-4229296747893291083,898689629,404137701
1079945951,-4229296747893291082,-1370582416,953071760
1079945951,-4229296747893291081,-1146885724,80979368
1079945951,-4229296747893291080,-1163768688,516640781
1079945951,-4229296747893291079,753202288,176878464
1079945951,-4229296747893291078,-871280645,2072789614
1079945951,-4229296747893291077,1111016632,516640781
1079945951,-4229296747893291076,-1423460787,953071760
1079945951,-4229296747893291075,-1178123011,176878464
1079945951,-4229296747893291074,1413031444,387394544
1079945951,-4229296747893291073,-1803870584,1590040048
1079945951,-4229296747893291072,387478139,80979368
1079945951,-4229296747893291071,1873575180,80979368
1079945951,-4229296747893291070,-1180972659,404137701
1079945951,-4229296747893291069,-872340997,516640781
1079945951,-4229296747893291068,810532410,387394544
1079945951,-4229296747893291067,-1779624329,404137701
1079945951,-4229296747893291066,1512147505,1590040048
1079945951,-4229296747893291065,-666911069,387394544
1079945951,-4229296747893291064,1092915557,80979368
1079945951,-4229296747893291063,1706871555,1590040048
1079945951,-4229296747893291062,2083937806,176878464
1079945951,-4229296747893291061,286248383,1590040048
1079945951,-4229296747893291060,-1717433246,176878464
1079945951,-4229296747893291059,-1705970576,387394544
1079945951,-4229296747893291058,1648894805,404137701
1079945951,-4229296747893291057,2117063508,1590040048
1079945951,-4229296747893291056,2139081426,2072789614
1079945951,-4229296747893291055,-875706725,516640781
1079945951,-4229296747893291054,1134794106,176878464
1079945951,-4229296747893291053,2125001662,516640781
1079945951,-4229296747893291052,-78252099,1590040048
1079945951,-4229296747893291051,-254605423,516640781
1079945951,-4229296747893291050,-2062419107,2072789614
1079945951,-4229296747893291049,-225320943,1590040048
1079945951,-4229296747893291048,-587989382,1590040048
1079945951,-4229296747893291047,870736055,404137701
1079945951,-4229296747893291046,511458073,176878464
1079945951,-4229296747893291045,-40465579,953071760
1079945951,-4229296747893291044,967692241,516640781
1079945951,-4229296747893291043,-670328060,1590040048
1079945951,-4229296747893291042,120469052,80979368
1079945951,-4229296747893291041,1203651120,176878464
1079945951,-4229296747893291040,2006481031,953071760
1079945951,-4229296747893291039,649039200,387394544
1079945951,-4229296747893291038,1809189328,176878464
1079945951,-4229296747893291037,1538476037,516640781
1079945951,-4229296747893291036,-1701923765,176878464
1079945951,-4229296747893291035,-16704017,516640781
1079945951,-4229296747893291034,1126238088,2072789614
1079945951,-4229296747893291033,65844348,404137701
1079945951,-4229296747893291032,-1943704850,176878464
1079945951,-4229296747893291031,188765348,1590040048
1079945951,-4229296747893291030,90914555,404137701
1079945951,-4229296747893291029,401941893,953071760
1079945951,-4229296747893291028,-939166484,516640781
1079945951,-4229296747893291027,-1423460787,387394544
1079945951,-4229296747893291026,-2003570897,2072789614
1079945951,-4229296747893291025,-1558109931,516640781
1079945951,-4229296747893291024,-418801145,387394544
1079945951,-4229296747893291023,2144271504,953071760
1079945951,-4229296747893291022,924854424,404137701
1079945951,-4229296747893291021,810878759,953071760
1079945951,-4229296747893291020,227357488,953071760
1079945951,-4229296747893291019,1967161746,404137701
1079945951,-4229296747893291018,72508391,2072789614
1079945951,-4229296747893291017,-1567860870,176878464
1079945951,-4229296747893291016,1094505266,80979368
1079945951,-4229296747893291015,1881605059,404137701
1079945951,-4229296747893291014,-109263156,387394544
1079945951,-4229296747893291013,2141481888,404137701
1079945951,-4229296747893291012,327657685,80979368
1079945951,-4229296747893291011,-1447373667,404137701
1079945951,-4229296747893291010,-1069964264,387394544
1079945951,-4229296747893291009,-321609916,404137701
1079945951,-4229296747893291008,2080776157,404137701
1079945951,-4229296747893291007,2114866955,1590040048
1079945951,-4229296747893291006,-1833097862,1590040048
1079945951,-4229296747893291005,-1855507240,516640781
1079945951,-4229296747893291004,-1817595076,953071760
1079945951,-4229296747893291003,125962540,404137701
1079945951,-4229296747893291002,-2057171609,80979368
1079945951,-4229296747893291001,-1737848031,80979368
1079945951,-4229296747893291000,-1414722772,176878464
1079945951,-4229296747893290999,584093527,2072789614
1079945951,-4229296747893290998,1531722808,80979368
1079945951,-4229296747893290997,2121337,516640781
1079945951,-4229296747893290996,2139553912,516640781
1079945951,-4229296747893290995,-570541512,953071760
1079945951,-4229296747893290994,-1139770778,1590040048
1079945951,-4229296747893290993,627269662,2072789614
1079945951,-4229296747893290992,1224365125,176878464
1079945951,-4229296747893290991,-1744965700,953071760
1079945951,-4229296747893290990,-1646537485,1590040048
1079945951,-4229296747893290989,-1712918470,404137701
1079945951,-4229296747893290988,-61034921,2072789614
1079945951,-4229296747893290987,1616212242,2072789614
1079945951,-4229296747893290986,-1768455916,176878464
1079945951,-4229296747893290985,-1952430549,953071760
1079945951,-4229296747893290984,-66817449,516640781
1079945951,-4229296747893290983,-1106207145,387394544
1079945951,-4229296747893290982,1481327678,516640781
1079945951,-4229296747893290981,2095429738,387394544
1079945951,-4229296747893290980,-197188136,953071760
1079945951,-4229296747893290979,-1214353446,1590040048
1079945951,-4229296747893290978,-331974384,176878464
1079945951,-4229296747893290977,1318772602,516640781
1079945951,-4229296747893290976,-1455873586,516640781
1079945951,-4229296747893290975,2020729783,80979368
1079945951,-4229296747893290974,1610159085,516640781
1079945951,-4229296747893290973,-1509119612,953071760
1079945951,-4229296747893290972,2026928917,516640781
1079945951,-4229296747893290971,152697512,387394544
1079945951,-4229296747893290970,2114018190,404137701
1079945951,-4229296747893290969,434281682,2072789614
1079945951,-4229296747893290968,-522206363,404137701
1079945951,-4229296747893290967,673452651,953071760
1079945951,-4229296747893290966,-23106263,176878464
1079945951,-4229296747893290965,-1412711283,80979368
1079945951,-4229296747893290964,148407908,387394544
1079945951,-4229296747893290963,118509810,176878464
1079945951,-4229296747893290962,-2007940075,404137701
1079945951,-4229296747893290961,-1556037509,516640781
1079945951,-4229296747893290960,74921188,953071760
1079945951,-4229296747893290959,251896903,2072789614
1079945951,-4229296747893290958,1635658702,1590040048
1079945951,-4229296747893290957,1246296683,2072789614
1079945951,-4229296747893290956,-1001745075,953071760
1079945951,-4229296747893290955,73858694,2072789614
1079945951,-4229296747893290954,-1810333626,404137701
1079945951,-4229296747893290953,1608084166,516640781
1079945951,-4229296747893290952,241238302,387394544
1079945951,-4229296747893290951,-1810231653,176878464
1079945951,-4229296747893290950,2087788753,1590040048
1079945951,-4229296747893290949,-959991243,953071760
1079945951,-4229296747893290948,-192702804,1590040048
1079945951,-4229296747893290947,211637144,1378021317
1079945951,-4229296747893290946,2142284470,1590040048
1079945951,-4229296747893290945,-785963615,387394544
1079945951,-4229296747893290944,555782799,176878464
1079945951,-4229296747893290943,-1747857542,1378021317
1079945951,-4229296747893290942,783863834,387394544
1079945951,-4229296747893290941,1367789007,80979368
1079945951,-4229296747893290940,1063100999,387394544
1079945951,-4229296747893290939,1809854995,1590040048
1079945951,-4229296747893290938,-346499204,516640781
1079945951,-4229296747893290937,144476216,1590040048
1079945951,-4229296747893290936,-1704396629,176878464
1079945951,-4229296747893290935,-183718207,1590040048
1079945951,-4229296747893290934,-1993508866,953071760
1079945951,-4229296747893290933,-611357325,80979368
1079945951,-4229296747893290932,1719593328,1378021317
1079945951,-4229296747893290931,-1909296477,1378021317
1079945951,-4229296747893290930,-1996816003,953071760
1079945951,-4229296747893290929,-1942230290,387394544
1079945951,-4229296747893290928,543504199,387394544
1079945951,-4229296747893290927,-318916844,80979368
1079945951,-4229296747893290926,1891940159,1590040048
1079945951,-4229296747893290925,362827230,516640781
1079945951,-4229296747893290924,1692129558,176878464
1079945951,-4229296747893290923,2096436683,404137701
1079945951,-4229296747893290922,-531671700,387394544
1079945951,-4229296747893290921,-2136403261,953071760
1079945951,-4229296747893290920,2080416899,387394544
1079945951,-4229296747893290919,1672416317,1590040048
1079945951,-4229296747893290918,134728129,387394544
1079945951,-4229296747893290917,-749892180,516640781
1079945951,-4229296747893290916,-1858386377,1378021317
1079945951,-4229296747893290915,599858063,176878464
1079945951,-4229296747893290914,-357897622,387394544
1079945951,-4229296747893290913,-587051328,1590040048
1079945951,-4229296747893290912,479956822,404137701
1079945951,-4229296747893290911,1443473627,387394544
1079945951,-4229296747893290910,-1500961070,1590040048
1079945951,-4229296747893290909,1606867118,387394544
1079945951,-4229296747893290908,-453554489,516640781
1079945951,-4229296747893290907,-366256458,516640781
1079945951,-4229296747893290906,-803306388,1590040048
1079945951,-4229296747893290905,1590404166,953071760
1079945951,-4229296747893290904,2075446913,1378021317
1079945951,-4229296747893290903,-598517265,750250656
1079945951,-4229296747893290902,-497301641,953071760
1079945951,-4229296747893290901,2020667044,1590040048
1079945951,-4229296747893290900,1750260998,1590040048
1079945951,-4229296747893290899,-1788507629,516640781
1079945951,-4229296747893290898,-1594983586,387394544
1079945951,-4229296747893290897,-905326143,1378021317
1079945951,-4229296747893290896,78919448,1590040048
1079945951,-4229296747893290895,765523975,80979368
1079945951,-4229296747893290894,1638434351,516640781
1079945951,-4229296747893290893,1984680867,516640781
1079945951,-4229296747893290892,-1535205532,516640781
1079945951,-4229296747893290891,1967861695,1378021317
1079945951,-4229296747893290890,-1247900026,750250656
1079945951,-4229296747893290889,-1288376472,1590040048
1079945951,-4229296747893290888,-1788338781,387394544
1079945951,-4229296747893290887,-1464214454,516640781
1079945951,-4229296747893290886,233221661,1590040048
1079945951,-4229296747893290885,1318772602,80979368
1079945951,-4229296747893290884,1960141830,80979368
1079945951,-4229296747893290883,2054315956,387394544
1079945951,-4229296747893290882,1692129558,1590040048
1079945951,-4229296747893290881,-1879268403,750250656
1079945951,-4229296747893290880,-730659718,1590040048
1079945951,-4229296747893290879,-195227453,1590040048
1079945951,-4229296747893290878,-814026043,953071760
1079945951,-4229296747893290877,2057577332,516640781
1079945951,-4229296747893290876,-2004089988,1378021317
1079945951,-4229296747893290875,156649930,750250656
1079945951,-4229296747893290874,453053132,1590040048
1079945951,-4229296747893290873,2107449729,387394544
1079945951,-4229296747893290872,673452651,80979368
1079945951,-4229296747893290871,-2093912151,387394544
1079945951,-4229296747893290870,154617724,387394544
1079945951,-4229296747893290869,147698225,1378021317
1079945951,-4229296747893290868,459608505,80979368
1079945951,-4229296747893290867,-440416558,516640781
1079945951,-4229296747893290866,713974770,176878464
1079945951,-4229296747893290865,-1676645956,1590040048
1079945951,-4229296747893290864,-1845304975,80979368
1079945951,-4229296747893290863,-1788933141,516640781
1079945951,-4229296747893290862,-1737633518,750250656
1079945951,-4229296747893290861,-1087648685,953071760
1079945951,-4229296747893290860,-1458310347,750250656
1079945951,-4229296747893290859,-1154652847,750250656
1079945951,-4229296747893290858,807212607,516640781
1079945951,-4229296747893290857,-2128643508,1853765126
1079945951,-4229296747893290856,-1847280026,1853765126
1079945951,-4229296747893290855,583077079,750250656
1079945951,-4229296747893290854,-738656526,387394544
1079945951,-4229296747893290853,1306750359,1853765126
1079945951,-4229296747893290852,-1652005556,1590040048
1079945951,-4229296747893290851,-864035954,1590040048
1079945951,-4229296747893290850,706690906,1853765126
1079945951,-4229296747893290849,328390415,516640781
1079945951,-4229296747893290848,-1004487464,750250656
1079945951,-4229296747893290847,2006321184,176878464
1079945951,-4229296747893290846,-1856699658,516640781
1079945951,-4229296747893290845,-122149445,1853765126
1079945951,-4229296747893290844,51462837,516640781
1079945951,-4229296747893290843,577432342,1590040048
1079945951,-4229296747893290842,753202288,516640781
1079945951,-4229296747893290841,1689326073,80979368
1079945951,-4229296747893290840,847739606,1590040048
1079945951,-4229296747893290839,2058717477,1378021317
1079945951,-4229296747893290838,-1329884204,1378021317
1079945951,-4229296747893290837,1439234273,176878464
1079945951,-4229296747893290836,-1942230290,387394544
1079945951,-4229296747893290835,-1533067928,387394544
1079945951,-4229296747893290834,-1180972659,176878464
1079945951,-4229296747893290833,144918982,1590040048
1079945951,-4229296747893290832,-667708747,176878464
1079945951,-4229296747893290831,1330443911,1853765126
1079945951,-4229296747893290830,413443119,1853765126
1079945951,-4229296747893290829,-1375745241,1590040048
1079945951,-4229296747893290828,-1761275306,176878464
1079945951,-4229296747893290827,-1709831840,750250656
1079945951,-4229296747893290826,-1551946306,750250656
1079945951,-4229296747893290825,-1551033647,387394544
1079945951,-4229296747893290824,1733912811,1590040048
1079945951,-4229296747893290823,1394751111,516640781
1079945951,-4229296747893290822,261536885,387394544
1079945951,-4229296747893290821,526004000,1590040048
1079945951,-4229296747893290820,69055573,516640781
1079945951,-4229296747893290819,-35096704,80979368
1079945951,-4229296747893290818,-366803618,1378021317
1079945951,-4229296747893290817,144991166,1590040048
1079945951,-4229296747893290816,149300285,80979368
1079945951,-4229296747893290815,-1752620462,80979368
1079945951,-4229296747893290814,678545327,1378021317
1079945951,-4229296747893290813,474518922,516640781
1079945951,-4229296747893290812,-987618840,516640781
1079945951,-4229296747893290811,1222000913,1853765126
1079945951,-4229296747893290810,-896427690,80979368
1079945951,-4229296747893290809,-253228974,387394544
1079945951,-4229296747893290808,-1708718661,1590040048
1079945951,-4229296747893290807,-1291625399,1853765126
1079945951,-4229296747893290806,-1710956298,750250656
1079945951,-4229296747893290805,-256024522,1590040048
1079945951,-4229296747893290804,-1847280026,176878464
1079945951,-4229296747893290803,1531722808,1853765126
1079945951,-4229296747893290802,-347016239,1590040048
1079945951,-4229296747893290801,283318343,516640781
1079945951,-4229296747893290800,1266598575,1378021317
1079945951,-4229296747893290799,469820485,750250656
1079945951,-4229296747893290798,1698044022,1590040048
1079945951,-4229296747893290797,-614538921,80979368
1079945951,-4229296747893290796,-570541512,1853765126
1079945951,-4229296747893290795,2080955924,387394544
1079945951,-4229296747893290794,1637947515,1853765126
1079945951,-4229296747893290793,2076255332,176878464
1079945951,-4229296747893290792,867589228,1590040048
1079945951,-4229296747893290791,-1375351017,516640781
1079945951,-4229296747893290790,-2090843329,1378021317
1079945951,-4229296747893290789,-237187807,387394544
1079945951,-4229296747893290788,1410503042,1853765126
1079945951,-4229296747893290787,1495809975,176878464
1079945951,-4229296747893290786,-1503235150,1853765126
1079945951,-4229296747893290785,-41753012,1590040048
1079945951,-4229296747893290784,-1220248314,516640781
1079945951,-4229296747893290783,1325320613,1590040048
1079945951,-4229296747893290782,2096847746,80979368
1079945951,-4229296747893290781,1481327678,516640781
1079945951,-4229296747893290780,1148733480,1590040048
1079945951,-4229296747893290779,351113827,1378021317
1079945951,-4229296747893290778,-574031003,80979368
1079945951,-4229296747893290777,48183755,80979368
1079945951,-4229296747893290776,-3638287,1590040048
1079945951,-4229296747893290775,312290069,387394544
1079945951,-4229296747893290774,-1904551399,1590040048
1079945951,-4229296747893290773,-1248760476,516640781
1079945951,-4229296747893290772,1402170277,516640781
1079945951,-4229296747893290771,-2062822322,1378021317
1079945951,-4229296747893290770,868074551,387394544
1079945951,-4229296747893290769,-1841629130,1378021317
1079945951,-4229296747893290768,803201897,387394544
1079945951,-4229296747893290767,1177814111,176878464
1079945951,-4229296747893290766,-1051796539,80979368
1079945951,-4229296747893290765,-292803967,176878464
1079945951,-4229296747893290764,-70095819,1590040048
1079945951,-4229296747893290763,-1991972117,1853765126
1079945951,-4229296747893290762,271685356,516640781
1079945951,-4229296747893290761,19643826,1590040048
1079945951,-4229296747893290760,212389455,1853765126
1079945951,-4229296747893290759,-2067688130,80979368
1079945951,-4229296747893290758,-803306388,176878464
1079945951,-4229296747893290757,1185601582,387394544
1079945951,-4229296747893290756,869938587,387394544
1079945951,-4229296747893290755,497958800,516640781
1079945951,-4229296747893290754,427379344,387394544
1079945951,-4229296747893290753,-140571003,1378021317
1079945951,-4229296747893290752,-1847280026,1853765126
1079945951,-4229296747893290751,724735769,1378021317
1079945951,-4229296747893290750,-957913277,750250656
1079945951,-4229296747893290749,706690906,1378021317
1079945951,-4229296747893290748,1301526339,1378021317
1079945951,-4229296747893290747,88923394,1378021317
1079945951,-4229296747893290746,451824841,80979368
1079945951,-4229296747893290745,-2025901407,1590040048
1079945951,-4229296747893290744,700915321,1853765126
1079945951,-4229296747893290743,1181796530,1590040048
1079945951,-4229296747893290742,388932612,176878464
1079945951,-4229296747893290741,159540344,1590040048
1079945951,-4229296747893290740,252329018,750250656
1079945951,-4229296747893290739,-1326092666,750250656
1079945951,-4229296747893290738,151841102,750250656
1079945951,-4229296747893290737,188310148,1853765126
1079945951,-4229296747893290736,1330443911,516640781
1079945951,-4229296747893290735,331812943,387394544
1079945951,-4229296747893290734,-1555769551,1378021317
1079945951,-4229296747893290733,74195582,516640781
1079945951,-4229296747893290732,2111653877,80979368
1079945951,-4229296747893290731,-1762743313,1378021317
1079945951,-4229296747893290730,-1009174164,750250656
1079945951,-4229296747893290729,-1225932910,387394544
1079945951,-4229296747893290728,-308914171,80979368
1079945951,-4229296747893290727,86926758,80979368
1079945951,-4229296747893290726,-244323405,387394544
1079945951,-4229296747893290725,-1800246043,176878464
1079945951,-4229296747893290724,428934209,1378021317
1079945951,-4229296747893290723,-1217985603,80979368
1079945951,-4229296747893290722,-56142154,80979368
1079945951,-4229296747893290721,1038292545,1853765126
1079945951,-4229296747893290720,915429633,750250656
1079945951,-4229296747893290719,-1129682860,1378021317
1079945951,-4229296747893290718,-1943267868,1853765126
1079945951,-4229296747893290717,-238770384,1378021317
1079945951,-4229296747893290716,-1163166756,1378021317
1079945951,-4229296747893290715,-2017484315,750250656
1079945951,-4229296747893290714,2076255332,1853765126
1079945951,-4229296747893290713,1503373059,387394544
1079945951,-4229296747893290712,330430178,1378021317
1079945951,-4229296747893290711,-1443212335,176878464
1079945951,-4229296747893290710,133160948,80979368
1079945951,-4229296747893290709,994654207,-1622414108
1079945951,-4229296747893290708,-349012287,387394544
1079945951,-4229296747893290707,952346497,80979368
1079945951,-4229296747893290706,320593239,176878464
1079945951,-4229296747893290705,690639483,387394544
1079945951,-4229296747893290704,1982250763,1378021317
1079945951,-4229296747893290703,252329018,1853765126
1079945951,-4229296747893290702,201176564,750250656
1079945951,-4229296747893290701,-418801145,176878464
1079945951,-4229296747893290700,431957823,176878464
1079945951,-4229296747893290699,1110829298,80979368
1079945951,-4229296747893290698,1311158916,1853765126
1079945951,-4229296747893290697,-2018688905,1378021317
1079945951,-4229296747893290696,1750745265,1378021317
1079945951,-4229296747893290695,-2016144799,750250656
1079945951,-4229296747893290694,1052321015,1853765126
1079945951,-4229296747893290693,1998033847,750250656
1079945951,-4229296747893290692,-820043350,176878464
1079945951,-4229296747893290691,-1466231469,387394544
1079945951,-4229296747893290690,673452651,80979368
1079945951,-4229296747893290689,-54973253,750250656
1079945951,-4229296747893290688,74478168,1590040048
1079945951,-4229296747893290687,-70095819,1590040048
1079945951,-4229296747893290686,151159307,1378021317
1079945951,-4229296747893290685,-366803618,1590040048
1079945951,-4229296747893290684,-843854945,-1622414108
1079945951,-4229296747893290683,1134794106,387394544
1079945951,-4229296747893290682,-895098814,1853765126
1079945951,-4229296747893290681,-1320875080,387394544
1079945951,-4229296747893290680,-1904114285,387394544
1079945951,-4229296747893290679,2010617860,1853765126
1079945951,-4229296747893290678,-1788933141,176878464
1079945951,-4229296747893290677,248383362,1378021317
1079945951,-4229296747893290676,1711306039,387394544
1079945951,-4229296747893290675,1476330908,1590040048
1079945951,-4229296747893290674,-1739361964,1853765126
1079945951,-4229296747893290673,-1249724479,1378021317
1079945951,-4229296747893290672,-2088701027,387394544
1079945951,-4229296747893290671,906759709,750250656
1079945951,-4229296747893290670,71467962,1590040048
1079945951,-4229296747893290669,-449166399,80979368
1079945951,-4229296747893290668,-1807056078,750250656
1079945951,-4229296747893290667,-1987518683,1378021317
1079945951,-4229296747893290666,-1535492436,750250656
1079945951,-4229296747893290665,-1184099487,1853765126
1079945951,-4229296747893290664,-1879101775,750250656
1079945951,-4229296747893290663,12981169,176878464
1079945951,-4229296747893290662,984209719,387394544
1079945951,-4229296747893290661,1301351222,1378021317
1079945951,-4229296747893290660,96294706,-128949665
1079945951,-4229296747893290659,238532478,1590040048
1079945951,-4229296747893290658,-466742329,387394544
1079945951,-4229296747893290657,1181631,80979368
1079945951,-4229296747893290656,-801926299,387394544
1079945951,-4229296747893290655,-623508470,387394544
1079945951,-4229296747893290654,2106019329,-128949665
1079945951,-4229296747893290653,152771974,387394544
1079945951,-4229296747893290652,2037476322,1853765126
1079945951,-4229296747893290651,508681273,387394544
1079945951,-4229296747893290650,144991166,1853765126
1079945951,-4229296747893290649,159717007,176878464
1079945951,-4229296747893290648,1143300064,1590040048
1079945951,-4229296747893290647,1136704445,-128949665
1079945951,-4229296747893290646,899477362,176878464
1079945951,-4229296747893290645,1577704701,80979368
1079945951,-4229296747893290644,1932720895,1853765126
1079945951,-4229296747893290643,-443971192,1590040048
1079945951,-4229296747893290642,1222000913,176878464
1079945951,-4229296747893290641,1871089693,80979368
1079945951,-4229296747893290640,-114691427,387394544
1079945951,-4229296747893290639,132371721,-128949665
1079945951,-4229296747893290638,967692241,387394544
1079945951,-4229296747893290637,99124165,1378021317
1079945951,-4229296747893290636,258903194,80979368
1079945951,-4229296747893290635,1108549920,80979368
1079945951,-4229296747893290634,-392526774,1853765126
1079945951,-4229296747893290633,2026643544,176878464
1079945951,-4229296747893290632,-653038726,80979368
1079945951,-4229296747893290631,33238269,1378021317
1079945951,-4229296747893290630,-2099769478,1853765126
1079945951,-4229296747893290629,1663961576,750250656
1079945951,-4229296747893290628,-1631904241,1853765126
1079945951,-4229296747893290627,-1602543319,1378021317
1079945951,-4229296747893290626,-484225265,80979368
1079945951,-4229296747893290625,1620433265,750250656
1079945951,-4229296747893290624,222819146,1853765126
1079945951,-4229296747893290623,130608339,1590040048
1079945951,-4229296747893290622,-1868151341,176878464
1079945951,-4229296747893290621,2112496602,660708643
1079945951,-4229296747893290620,-1729637901,1590040048
1079945951,-4229296747893290619,76502929,80979368
1079945951,-4229296747893290618,812518924,750250656
1079945951,-4229296747893290617,-1178123011,176878464
1079945951,-4229296747893290616,2096847746,80979368
1079945951,-4229296747893290615,-554126105,660708643
1079945951,-4229296747893290614,217932261,1853765126
1079945951,-4229296747893290613,-1804945688,1590040048
1079945951,-4229296747893290612,650323015,387394544
1079945951,-4229296747893290611,509779220,80979368
1079945951,-4229296747893290610,-782464255,1590040048
1079945951,-4229296747893290609,1954107216,387394544
1079945951,-4229296747893290608,1627186864,1590040048
1079945951,-4229296747893290607,-803567532,1590040048
1079945951,-4229296747893290606,-2111290992,750250656
1079945951,-4229296747893290605,-541553111,1853765126
1079945951,-4229296747893290604,79852896,1590040048
1079945951,-4229296747893290603,595122181,1590040048
1079945951,-4229296747893290602,144991166,750250656
1079945951,-4229296747893290601,1504748452,750250656
1079945951,-4229296747893290600,2085606049,80979368
1079945951,-4229296747893290599,345466143,1590040048
1079945951,-4229296747893290598,-987618840,1590040048
1079945951,-4229296747893290597,1013499974,750250656
1079945951,-4229296747893290596,-1770577545,176878464
1079945951,-4229296747893290595,1466880432,660708643
1079945951,-4229296747893290594,-1039875069,1853765126
1079945951,-4229296747893290593,-366256458,1378021317
1079945951,-4229296747893290592,-2001486460,-2082376843
1079945951,-4229296747893290591,-505314125,80979368
1079945951,-4229296747893290590,838356076,750250656
1079945951,-4229296747893290589,1558312730,750250656
1079945951,-4229296747893290588,83483750,-2082376843
1079945951,-4229296747893290587,2088258368,-2082376843
1079945951,-4229296747893290586,-1739361964,750250656
1079945951,-4229296747893290585,631734540,750250656
1079945951,-4229296747893290584,-1968216984,387394544
1079945951,-4229296747893290583,242489939,1853765126
1079945951,-4229296747893290582,-681178398,1378021317
1079945951,-4229296747893290581,-1920372881,750250656
1079945951,-4229296747893290580,8757051,176878464
1079945951,-4229296747893290579,-2129433872,387394544
1079945951,-4229296747893290578,-1908961273,1378021317
1079945951,-4229296747893290577,706690906,1378021317
1079945951,-4229296747893290576,1612134230,387394544
1079945951,-4229296747893290575,1301514460,750250656
1079945951,-4229296747893290574,-1723695930,387394544
1079945951,-4229296747893290573,473387408,80979368
1079945951,-4229296747893290572,-514252045,1378021317
1079945951,-4229296747893290571,277207013,80979368
1079945951,-4229296747893290570,320593239,387394544
1079945951,-4229296747893290569,-148938886,176878464
1079945951,-4229296747893290568,-1978008585,1853765126
1079945951,-4229296747893290567,139309734,176878464
1079945951,-4229296747893290566,1926460335,176878464
1079945951,-4229296747893290565,317141188,660708643
1079945951,-4229296747893290564,-830419687,1378021317
1079945951,-4229296747893290563,-2022839167,660708643
1079945951,-4229296747893290562,-1678448329,-2082376843
1079945951,-4229296747893290561,513956536,1378021317
1079945951,-4229296747893290560,-1522943684,176878464
1079945951,-4229296747893290559,-45378621,750250656
1079945951,-4229296747893290558,137392920,-2082376843
1079945951,-4229296747893290557,-666911069,176878464
1079945951,-4229296747893290556,-704810557,176878464
1079945951,-4229296747893290555,-1176330112,80979368
1079945951,-4229296747893290554,1372301176,750250656
1079945951,-4229296747893290553,-1061948041,660708643
1079945951,-4229296747893290552,1876025876,387394544
1079945951,-4229296747893290551,939180640,176878464
1079945951,-4229296747893290550,-1432018663,660708643
1079945951,-4229296747893290549,-690743618,660708643
1079945951,-4229296747893290548,326561576,176878464
1079945951,-4229296747893290547,-221788913,80979368
1079945951,-4229296747893290546,450133091,1378021317
1079945951,-4229296747893290545,679975613,1378021317
1079945951,-4229296747893290544,-1823440120,387394544
1079945951,-4229296747893290543,101603487,660708643
1079945951,-4229296747893290542,1240561336,1378021317
1079945951,-4229296747893290541,1608367431,176878464
1079945951,-4229296747893290540,-2129649036,-2082376843
1079945951,-4229296747893290539,-1055246641,660708643
1079945951,-4229296747893290538,-1747857542,81622117
1079945951,-4229296747893290537,1066730875,387394544
1079945951,-4229296747893290536,251663778,387394544
1079945951,-4229296747893290535,159410247,750250656
1079945951,-4229296747893290534,-570541512,660708643
1079945951,-4229296747893290533,-1272978958,80979368
1079945951,-4229296747893290532,2024150627,1853765126
1079945951,-4229296747893290531,580301833,1853765126
1079945951,-4229296747893290530,-509690922,387394544
1079945951,-4229296747893290529,-1981567673,750250656
1079945951,-4229296747893290528,1245634786,750250656
1079945951,-4229296747893290527,-1464214454,176878464
1079945951,-4229296747893290526,-128505931,81622117
1079945951,-4229296747893290525,-1347007545,387394544
1079945951,-4229296747893290524,-1761275306,80979368
1079945951,-4229296747893290523,1483965278,176878464
1079945951,-4229296747893290522,-841585849,750250656
1079945951,-4229296747893290521,1967887264,387394544
1079945951,-4229296747893290520,-704810557,81622117
1079945951,-4229296747893290519,-1926044516,660708643
1079945951,-4229296747893290518,-847471311,660708643
1079945951,-4229296747893290517,-1759349940,176878464
1079945951,-4229296747893290516,-875706725,80979368
1079945951,-4229296747893290515,729535578,387394544
1079945951,-4229296747893290514,-244323405,-2082376843
1079945951,-4229296747893290513,387148521,387394544
1079945951,-4229296747893290512,-1948606663,1853765126
1079945951,-4229296747893290511,-1885179514,750250656
1079945951,-4229296747893290510,1632483392,80979368
1079945951,-4229296747893290509,1311461964,387394544
1079945951,-4229296747893290508,-2086499090,81622117
1079945951,-4229296747893290507,-2081381733,81622117
1079945951,-4229296747893290506,-883233977,750250656
1079945951,-4229296747893290505,417149579,387394544
1079945951,-4229296747893290504,2060176555,750250656
1079945951,-4229296747893290503,417365869,80979368
1079945951,-4229296747893290502,-1356499457,176878464
1079945951,-4229296747893290501,447845536,80979368
1079945951,-4229296747893290500,134714767,660708643
1079945951,-4229296747893290499,-774813371,750250656
1079945951,-4229296747893290498,-763213914,176878464
1079945951,-4229296747893290497,-1446868057,-2082376843
1079945951,-4229296747893290496,157122560,1853765126
1079945951,-4229296747893290495,-1747496926,1853765126
1079945951,-4229296747893290494,-1182575073,387394544
1079945951,-4229296747893290493,-2069596592,81622117
1079945951,-4229296747893290492,807674368,80979368
1079945951,-4229296747893290491,690639483,80979368
1079945951,-4229296747893290490,-104546824,80979368
1079945951,-4229296747893290489,1973044881,1853765126
1079945951,-4229296747893290488,-916248680,750250656
1079945951,-4229296747893290487,1436056103,81622117
1079945951,-4229296747893290486,-1509119612,387394544
1079945951,-4229296747893290485,-1277291698,660708643
1079945951,-4229296747893290484,245423356,80979368
1079945951,-4229296747893290483,-1713036531,750250656
1079945951,-4229296747893290482,1630812679,176878464
1079945951,-4229296747893290481,-2100720411,1853765126
1079945951,-4229296747893290480,253721619,387394544
1079945951,-4229296747893290479,1702443109,660708643
1079945951,-4229296747893290478,2083937806,660708643
1079945951,-4229296747893290477,1493946967,1853765126
1079945951,-4229296747893290476,747974370,-2082376843
1079945951,-4229296747893290475,798233696,176878464
1079945951,-4229296747893290474,-1632198685,1853765126
1079945951,-4229296747893290473,1702999751,80979368
1079945951,-4229296747893290472,-1649322481,387394544
1079945951,-4229296747893290471,-36637302,176878464
1079945951,-4229296747893290470,212389455,750250656
1079945951,-4229296747893290469,-1962577386,81622117
1079945951,-4229296747893290468,-542560991,80979368
1079945951,-4229296747893290467,-1011826407,1853765126
1079945951,-4229296747893290466,1237127590,660708643
1079945951,-4229296747893290465,-405500411,387394544
1079945951,-4229296747893290464,507414456,387394544
1079945951,-4229296747893290463,323648791,750250656
1079945951,-4229296747893290462,-56142154,80979368
1079945951,-4229296747893290461,-1218960252,81622117
1079945951,-4229296747893290460,824785267,750250656
1079945951,-4229296747893290459,1281077547,660708643
1079945951,-4229296747893290458,1132777504,1853765126
1079945951,-4229296747893290457,1796522352,750250656
1079945951,-4229296747893290456,-1699515157,660708643
1079945951,-4229296747893290455,-2011116948,176878464
1079945951,-4229296747893290454,133641360,81622117
1079945951,-4229296747893290453,-1854377729,-2082376843
1079945951,-4229296747893290452,146499081,660708643
1079945951,-4229296747893290451,559684981,1853765126
1079945951,-4229296747893290450,-1915133149,1853765126
1079945951,-4229296747893290449,-62429182,1853765126
1079945951,-4229296747893290448,94652317,750250656
1079945951,-4229296747893290447,-1182575073,176878464
1079945951,-4229296747893290446,41880635,-2082376843
1079945951,-4229296747893290445,-357439246,80979368
1079945951,-4229296747893290444,123602727,1853765126
1079945951,-4229296747893290443,-99047964,-2082376843
1079945951,-4229296747893290442,245765002,80979368
1079945951,-4229296747893290441,277207013,80979368
1079945951,-4229296747893290440,3589377,750250656
1079945951,-4229296747893290439,-182117123,1853765126
1079945951,-4229296747893290438,1425696720,1853765126
1079945951,-4229296747893290437,-1295097110,176878464
1079945951,-4229296747893290436,-920048779,176878464
1079945951,-4229296747893290435,-1780012785,387394544
1079945951,-4229296747893290434,-1457253718,1853765126
1079945951,-4229296747893290433,1158946980,387394544
1079945951,-4229296747893290432,-397187017,176878464
1079945951,-4229296747893290431,1330497053,387394544
1079945951,-4229296747893290430,-54973253,387394544
1079945951,-4229296747893290429,173049612,750250656
1079945951,-4229296747893290428,-1181103507,81622117
1079945951,-4229296747893290427,-2127915556,80979368
1079945951,-4229296747893290426,43041127,387394544
1079945951,-4229296747893290425,-240182216,81622117
1079945951,-4229296747893290424,79852896,-2082376843
1079945951,-4229296747893290423,2110137191,750250656
1079945951,-4229296747893290422,329597595,660708643
1079945951,-4229296747893290421,-1714973009,1853765126
1079945951,-4229296747893290420,81396411,176878464
1079945951,-4229296747893290419,-708696089,660708643
1079945951,-4229296747893290418,130908232,660708643
1079945951,-4229296747893290417,-34259788,81622117
1079945951,-4229296747893290416,899558644,-2082376843
1079945951,-4229296747893290415,2019860527,660708643
1079945951,-4229296747893290414,-1374400178,1853765126
1079945951,-4229296747893290413,314484537,750250656
1079945951,-4229296747893290412,2084795250,1853765126
1079945951,-4229296747893290411,-45057371,80979368
1079945951,-4229296747893290410,-1211417551,750250656
1079945951,-4229296747893290409,2050047121,1853765126
1079945951,-4229296747893290408,2087788753,750250656
1079945951,-4229296747893290407,592192248,81622117
1079945951,-4229296747893290406,67639651,-2082376843
1079945951,-4229296747893290405,498080345,176878464
1079945951,-4229296747893290404,-1836675674,80979368
1079945951,-4229296747893290403,2022206022,657228414
1079945951,-4229296747893290402,-899462455,660708643
1079945951,-4229296747893290401,81420236,80979368
1079945951,-4229296747893290400,1663559230,657228414
1079945951,-4229296747893290399,-1680809202,-2082376843
1079945951,-4229296747893290398,684461533,176878464
1079945951,-4229296747893290397,1961251132,81622117
1079945951,-4229296747893290396,146406455,750250656
1079945951,-4229296747893290395,1877249442,176878464
1079945951,-4229296747893290394,1034375198,80979368
1079945951,-4229296747893290393,609992437,750250656
1079945951,-4229296747893290392,-989251185,657228414
1079945951,-4229296747893290391,-1763936902,-2082376843
1079945951,-4229296747893290390,-500038059,750250656
1079945951,-4229296747893290389,2043431732,81622117
1079945951,-4229296747893290388,2107121326,660708643
1079945951,-4229296747893290387,238532478,81622117
1079945951,-4229296747893290386,-864818800,-2082376843
1079945951,-4229296747893290385,-1788338450,660708643
1079945951,-4229296747893290384,1977018066,-2082376843
1079945951,-4229296747893290383,796690344,81622117
1079945951,-4229296747893290382,1127666058,750250656
1079945951,-4229296747893290381,-847471311,81622117
1079945951,-4229296747893290380,2080776157,-2082376843
1079945951,-4229296747893290379,135231988,176878464
1079945951,-4229296747893290378,-317549449,176878464
1079945951,-4229296747893290377,-1449103891,1853765126
1079945951,-4229296747893290376,-1769598743,1853765126
1079945951,-4229296747893290375,1605776202,750250656
1079945951,-4229296747893290374,2029180738,660708643
1079945951,-4229296747893290373,-448371779,657228414
1079945951,-4229296747893290372,1970018301,-2082376843
1079945951,-4229296747893290371,1891821239,176878464
1079945951,-4229296747893290370,-853869563,750250656
1079945951,-4229296747893290369,161115917,81622117
1079945951,-4229296747893290368,1185601582,81622117
1079945951,-4229296747893290367,2129693083,660708643
1079945951,-4229296747893290366,-968557771,81622117
1079945951,-4229296747893290365,71830065,176878464
1079945951,-4229296747893290364,-16753519,80979368
1079945951,-4229296747893290363,1679248810,-2082376843
1079945951,-4229296747893290362,136146808,80979368
1079945951,-4229296747893290361,984119934,81622117
1079945951,-4229296747893290360,31592010,-2082376843
1079945951,-4229296747893290359,-1547954768,750250656
1079945951,-4229296747893290358,-80677161,-2082376843
1079945951,-4229296747893290357,1049648251,657228414
1079945951,-4229296747893290356,136185892,750250656
1079945951,-4229296747893290355,-930052940,660708643
1079945951,-4229296747893290354,399222015,657228414
1079945951,-4229296747893290353,580301833,750250656
1079945951,-4229296747893290352,-2109725399,80979368
1079945951,-4229296747893290351,-1951868911,-2082376843
1079945951,-4229296747893290350,868053109,657228414
1079945951,-4229296747893290349,43438014,81622117
1079945951,-4229296747893290348,-1817395396,660708643
1079945951,-4229296747893290347,403763609,1853765126
1079945951,-4229296747893290346,-1001409064,81622117
1079945951,-4229296747893290345,-1659880711,176878464
1079945951,-4229296747893290344,1446088540,81622117
1079945951,-4229296747893290343,-766502910,-2082376843
1079945951,-4229296747893290342,-1307840736,657228414
1079945951,-4229296747893290341,79899128,660708643
1079945951,-4229296747893290340,-23882493,1853765126
1079945951,-4229296747893290339,1524598998,1853765126
1079945951,-4229296747893290338,-1375745241,-2082376843
1079945951,-4229296747893290337,887955597,176878464
1079945951,-4229296747893290336,-1879268403,660708643
1079945951,-4229296747893290335,-83138762,81622117
1079945951,-4229296747893290334,-998642012,176878464
1079945951,-4229296747893290333,2113444117,660708643
1079945951,-4229296747893290332,-1876069898,1853765126
1079945951,-4229296747893290331,1394751111,80979368
1079945951,-4229296747893290330,-1094703052,81622117
1079945951,-4229296747893290329,1209906268,-2082376843
1079945951,-4229296747893290328,-579811963,1853765126
1079945951,-4229296747893290327,-1305022279,-2082376843
1079945951,-4229296747893290326,2126762044,660708643
1079945951,-4229296747893290325,-86111602,660708643
1079945951,-4229296747893290324,149300285,81622117
1079945951,-4229296747893290323,-1995110897,80979368
1079945951,-4229296747893290322,1294017971,176878464
1079945951,-4229296747893290321,81373394,1853765126
1079945951,-4229296747893290320,-47947233,176878464
1079945951,-4229296747893290319,-2105701799,660708643
1079945951,-4229296747893290318,-314617230,-40310096
1079945951,-4229296747893290317,-415085516,-40310096
1079945951,-4229296747893290316,-1806406112,750250656
1079945951,-4229296747893290315,836294669,80979368
1079945951,-4229296747893290314,1672588336,176878464
1079945951,-4229296747893290313,1074287969,660708643
1079945951,-4229296747893290312,348679828,80979368
1079945951,-4229296747893290311,-959991243,657228414
1079945951,-4229296747893290310,931497924,-40310096
1079945951,-4229296747893290309,69665049,1853765126
1079945951,-4229296747893290308,-1893611209,80979368
1079945951,-4229296747893290307,-1791298439,80979368
1079945951,-4229296747893290306,-738656526,81622117
1079945951,-4229296747893290305,2102999245,81622117
1079945951,-4229296747893290304,1006238374,-40310096
1079945951,-4229296747893290303,1897826869,176878464
1079945951,-4229296747893290302,242489939,657228414
1079945951,-4229296747893290301,-1923661160,-40310096
1079945951,-4229296747893290300,1750260998,657228414
1079945951,-4229296747893290299,1128109141,81622117
1079945951,-4229296747893290298,1606853109,176878464
1079945951,-4229296747893290297,68882968,1853765126
1079945951,-4229296747893290296,-61034921,176878464
1079945951,-4229296747893290295,281734695,176878464
1079945951,-4229296747893290294,-1898836113,657228414
1079945951,-4229296747893290293,1306497005,81622117
1079945951,-4229296747893290292,-1503235150,1853765126
1079945951,-4229296747893290291,2133821735,750250656
1079945951,-4229296747893290290,-718945165,660708643
1079945951,-4229296747893290289,-1735751083,176878464
1079945951,-4229296747893290288,-1666913732,660708643
1079945951,-4229296747893290287,148041648,-40310096
1079945951,-4229296747893290286,262577771,-40310096
1079945951,-4229296747893290285,97163813,-40310096
1079945951,-4229296747893290284,-1567860870,80979368
1079945951,-4229296747893290283,-729521274,1853765126
1079945951,-4229296747893290282,-1026571101,657228414
1079945951,-4229296747893290281,-102614819,-40310096
1079945951,-4229296747893290280,138027273,176878464
1079945951,-4229296747893290279,-820043350,-40310096
1079945951,-4229296747893290278,274127796,80979368
1079945951,-4229296747893290277,118509810,176878464
1079945951,-4229296747893290276,-1916495005,80979368
1079945951,-4229296747893290275,79852896,176878464
1079945951,-4229296747893290274,-173494428,660708643
1079945951,-4229296747893290273,729535578,660708643
1079945951,-4229296747893290272,-22599480,1853765126
1079945951,-4229296747893290271,1382049276,657228414
1079945951,-4229296747893290270,-235767177,657228414
1079945951,-4229296747893290269,1854293476,-40310096
1079945951,-4229296747893290268,-1776018875,81622117
1079945951,-4229296747893290267,489137341,80979368
1079945951,-4229296747893290266,149993490,750250656
1079945951,-4229296747893290265,-1905725679,1853765126
1079945951,-4229296747893290264,-314617230,81622117
1079945951,-4229296747893290263,700645621,657228414
1079945951,-4229296747893290262,1280788113,1853765126
1079945951,-4229296747893290261,592192248,657228414
1079945951,-4229296747893290260,288443573,-40310096
1079945951,-4229296747893290259,1246324016,657228414
1079945951,-4229296747893290258,2142284470,81622117
1079945951,-4229296747893290257,-1043613491,660708643
1079945951,-4229296747893290256,867667352,80979368
1079945951,-4229296747893290255,-1040435151,80979368
1079945951,-4229296747893290254,-2068247107,660708643
1079945951,-4229296747893290253,-1699933843,-40310096
1079945951,-4229296747893290252,-1132715756,176878464
1079945951,-4229296747893290251,41574024,750250656
1079945951,-4229296747893290250,1458387475,80979368
1079945951,-4229296747893290249,673021123,1853765126
1079945951,-4229296747893290248,-1704396629,660708643
1079945951,-4229296747893290247,1609344951,81622117
1079945951,-4229296747893290246,-2013120640,1853765126
1079945951,-4229296747893290245,-2057060442,1853765126
1079945951,-4229296747893290244,51462837,176878464
1079945951,-4229296747893290243,-1249005131,81622117
1079945951,-4229296747893290242,-2022653426,660708643
1079945951,-4229296747893290241,1756844964,657228414
1079945951,-4229296747893290240,1874783298,81622117
1079945951,-4229296747893290239,1656008543,80979368
1079945951,-4229296747893290238,966325050,1853765126
1079945951,-4229296747893290237,-277619937,81622117
1079945951,-4229296747893290236,810878759,80979368
1079945951,-4229296747893290235,-1724417932,657228414
1079945951,-4229296747893290234,-1962140030,81622117
1079945951,-4229296747893290233,-2072803222,-40310096
1079945951,-4229296747893290232,8088063,-40310096
1079945951,-4229296747893290231,-1010027163,750250656
1079945951,-4229296747893290230,1627186864,-40310096
1079945951,-4229296747893290229,1580611928,-40310096
1079945951,-4229296747893290228,1669711644,176878464
1079945951,-4229296747893290227,-1459939257,750250656
1079945951,-4229296747893290226,139561036,1853765126
1079945951,-4229296747893290225,-397187017,1853765126
1079945951,-4229296747893290224,18898860,-40310096
1079945951,-4229296747893290223,-264167766,1853765126
1079945951,-4229296747893290222,960530750,80979368
1079945951,-4229296747893290221,-294711257,-40310096
1079945951,-4229296747893290220,-586795656,81622117
1079945951,-4229296747893290219,-1960874697,176878464
1079945951,-4229296747893290218,140015117,657228414
1079945951,-4229296747893290217,-749892180,176878464
1079945951,-4229296747893290216,-494193296,176878464
1079945951,-4229296747893290215,-1798277344,81622117
1079945951,-4229296747893290214,2126279011,660708643
1079945951,-4229296747893290213,1806479860,750250656
1079945951,-4229296747893290212,-1928768962,657228414
1079945951,-4229296747893290211,-40465579,-40310096
1079945951,-4229296747893290210,967692241,657228414
1079945951,-4229296747893290209,1920751611,1853765126
1079945951,-4229296747893290208,57272920,1853765126
1079945951,-4229296747893290207,-1880978834,80979368
1079945951,-4229296747893290206,-1737848031,1853765126
1079945951,-4229296747893290205,-1719907497,-40310096
1079945951,-4229296747893290204,-1939497655,80979368
1079945951,-4229296747893290203,-1266592413,750250656
1079945951,-4229296747893290202,386930002,1853765126
1079945951,-4229296747893290201,-1414846328,660708643
1079945951,-4229296747893290200,-1056039275,1853765126
1079945951,-4229296747893290199,-1303023403,-40310096
1079945951,-4229296747893290198,1840135681,-40310096
1079945951,-4229296747893290197,2106573799,80979368
1079945951,-4229296747893290196,1265684596,-40310096
1079945951,-4229296747893290195,-1700223072,660708643
1079945951,-4229296747893290194,-1743183758,-1987491111
1079945951,-4229296747893290193,-1966504117,-1987491111
1079945951,-4229296747893290192,-1963797886,80979368
1079945951,-4229296747893290191,-1503235150,-40310096
1079945951,-4229296747893290190,-807663498,1853765126
1079945951,-4229296747893290189,-1959506983,660708643
1079945951,-4229296747893290188,543504199,657228414
1079945951,-4229296747893290187,-2001358448,-1987491111
1079945951,-4229296747893290186,436340760,80979368
1079945951,-4229296747893290185,556122284,80979368
1079945951,-4229296747893290184,-1412807851,-40310096
1079945951,-4229296747893290183,-1844958263,750250656
1079945951,-4229296747893290182,-183461744,-1987491111
1079945951,-4229296747893290181,-1952264916,750250656
1079945951,-4229296747893290180,-839400596,750250656
1079945951,-4229296747893290179,640312783,80979368
1079945951,-4229296747893290178,850288629,750250656
1079945951,-4229296747893290177,-1876069898,1853765126
1079945951,-4229296747893290176,-686042957,80979368
1079945951,-4229296747893290175,82519907,176878464
1079945951,-4229296747893290174,210808104,80979368
1079945951,-4229296747893290173,749135451,-40310096
1079945951,-4229296747893290172,996772902,750250656
1079945951,-4229296747893290171,-954541913,657228414
1079945951,-4229296747893290170,-1902887279,176878464
1079945951,-4229296747893290169,904631175,750250656
1079945951,-4229296747893290168,-334394068,-1987491111
1079945951,-4229296747893290167,729535578,80979368
1079945951,-4229296747893290166,-1729217850,657228414
1079945951,-4229296747893290165,75189746,-40310096
1079945951,-4229296747893290164,4903818,-40310096
1079945951,-4229296747893290163,1565217649,-40310096
1079945951,-4229296747893290162,136238300,-40310096
1079945951,-4229296747893290161,-2093392820,-1987491111
1079945951,-4229296747893290160,-616860316,-40310096
1079945951,-4229296747893290159,-1501715084,176878464
1079945951,-4229296747893290158,-1434914570,1853765126
1079945951,-4229296747893290157,348238557,1853765126
1079945951,-4229296747893290156,-1087648685,-1987491111
1079945951,-4229296747893290155,-1321080538,-1987491111
1079945951,-4229296747893290154,142831934,750250656
1079945951,-4229296747893290153,867667352,297999451
1079945951,-4229296747893290152,-488228505,-40310096
1079945951,-4229296747893290151,146499081,750250656
1079945951,-4229296747893290150,-1119885294,176878464
1079945951,-4229296747893290149,-358480450,750250656
1079945951,-4229296747893290148,-88080796,660708643
1079945951,-4229296747893290147,870489757,657228414
1079945951,-4229296747893290146,-1099724627,750250656
1079945951,-4229296747893290145,331939010,176878464
1079945951,-4229296747893290144,580301833,-40310096
1079945951,-4229296747893290143,2021770545,1853765126
1079945951,-4229296747893290142,-2051775575,-1987491111
1079945951,-4229296747893290141,-802085670,-40310096
1079945951,-4229296747893290140,2133821735,176878464
1079945951,-4229296747893290139,931790194,1853765126
1079945951,-4229296747893290138,-1380193021,-40310096
1079945951,-4229296747893290137,498081259,-40310096
1079945951,-4229296747893290136,-1569541665,657228414
1079945951,-4229296747893290135,-509416293,1853765126
1079945951,-4229296747893290134,-1833998779,657228414
1079945951,-4229296747893290133,957755567,297999451
1079945951,-4229296747893290132,858030586,-1987491111
1079945951,-4229296747893290131,-58790144,657228414
1079945951,-4229296747893290130,351460714,657228414
1079945951,-4229296747893290129,69672321,660708643
1079945951,-4229296747893290128,250417200,750250656
1079945951,-4229296747893290127,147746920,660708643
1079945951,-4229296747893290126,-1431295514,657228414
1079945951,-4229296747893290125,-1125845488,176878464
1079945951,-4229296747893290124,-465862230,297999451
1079945951,-4229296747893290123,-1830159647,-1987491111
1079945951,-4229296747893290122,1225889529,297999451
1079945951,-4229296747893290121,749135451,-1987491111
1079945951,-4229296747893290120,-154097034,176878464
1079945951,-4229296747893290119,140015117,1853765126
1079945951,-4229296747893290118,-2132428950,660708643
1079945951,-4229296747893290117,-66715739,657228414
1079945951,-4229296747893290116,-1948537192,1853765126
1079945951,-4229296747893290115,-1676645956,-40310096
1079945951,-4229296747893290114,1013499974,176878464
1079945951,-4229296747893290113,-443971192,-40310096
1079945951,-4229296747893290112,1783779325,1853765126
1079945951,-4229296747893290111,69174554,657228414
1079945951,-4229296747893290110,-2129649036,297999451
1079945951,-4229296747893290109,410595624,297999451
