-4229296747893267591,910703514
-4229296747893267591,346771110
-4229296747893267591,346771110
-4229296747893267591,354051939
-4229296747893267590,354051939
-4229296747893267590,354051939
-4229296747893267590,910703514
-4229296747893267589,346771110
-4229296747893267588,58710774
-4229296747893267588,1674067374
-4229296747893267588,1674067374
-4229296747893267587,58710774
-4229296747893267586,58710774
-4229296747893267586,354051939
-4229296747893267585,1674067374
-4229296747893267585,58710774
-4229296747893267584,354051939
-4229296747893267584,346771110
-4229296747893267584,346771110
-4229296747893267584,346771110
-4229296747893267583,346771110
-4229296747893267583,346771110
-4229296747893267582,58710774
-4229296747893267582,346771110
-4229296747893267582,1674067374
-4229296747893267581,346771110
-4229296747893267581,910703514
-4229296747893267580,58710774
-4229296747893267579,354051939
-4229296747893267579,346771110
-4229296747893267579,354051939
-4229296747893267578,1674067374
-4229296747893267578,910703514
-4229296747893267578,910703514
-4229296747893267577,910703514
-4229296747893267577,910703514
-4229296747893267576,910703514
-4229296747893267575,346771110
-4229296747893267575,346771110
-4229296747893267574,346771110
-4229296747893267573,354051939
-4229296747893267573,58710774
-4229296747893267573,346771110
-4229296747893267573,346771110
-4229296747893267572,354051939
-4229296747893267572,1674067374
-4229296747893267572,910703514
-4229296747893267571,58710774
-4229296747893267571,346771110
-4229296747893267570,354051939
-4229296747893267570,910703514
-4229296747893267570,354051939
-4229296747893267569,354051939
-4229296747893267569,910703514
-4229296747893267569,910703514
-4229296747893267568,1674067374
-4229296747893267568,346771110
-4229296747893267567,354051939
-4229296747893267567,1674067374
-4229296747893267567,1674067374
-4229296747893267566,910703514
-4229296747893267566,346771110
-4229296747893267565,354051939
-4229296747893267564,346771110
-4229296747893267563,354051939
-4229296747893267563,1674067374
-4229296747893267563,354051939
-4229296747893267562,346771110
-4229296747893267561,58710774
-4229296747893267561,346771110
-4229296747893267560,910703514
-4229296747893267560,346771110
-4229296747893267560,1674067374
-4229296747893267560,58710774
-4229296747893267559,910703514
-4229296747893267559,354051939
-4229296747893267559,910703514
-4229296747893267558,1674067374
-4229296747893267557,354051939
-4229296747893267557,354051939
-4229296747893267556,346771110
-4229296747893267556,354051939
-4229296747893267555,58710774
-4229296747893267555,58710774
-4229296747893267554,58710774
-4229296747893267554,1674067374
-4229296747893267553,346771110
-4229296747893267552,346771110
-4229296747893267552,910703514
-4229296747893267551,354051939
-4229296747893267550,1674067374
-4229296747893267550,346771110
-4229296747893267550,910703514
-4229296747893267549,346771110
-4229296747893267549,354051939
-4229296747893267548,346771110
-4229296747893267547,354051939
-4229296747893267547,58710774
-4229296747893267547,354051939
-4229296747893267546,58710774
-4229296747893267546,910703514
-4229296747893267545,58710774
-4229296747893267545,354051939
-4229296747893267545,346771110
-4229296747893267544,346771110
-4229296747893267544,1674067374
-4229296747893267543,1674067374
-4229296747893267543,910703514
-4229296747893267543,58710774
-4229296747893267542,1674067374
-4229296747893267541,58710774
-4229296747893267541,354051939
-4229296747893267541,910703514
-4229296747893267540,58710774
-4229296747893267540,58710774
-4229296747893267540,910703514
-4229296747893267540,354051939
-4229296747893267539,58710774
-4229296747893267539,354051939
-4229296747893267538,910703514
-4229296747893267538,910703514
-4229296747893267537,1674067374
-4229296747893267537,346771110
-4229296747893267536,1674067374
-4229296747893267536,346771110
-4229296747893267536,58710774
-4229296747893267535,58710774
-4229296747893267535,354051939
-4229296747893267534,910703514
-4229296747893267533,354051939
-4229296747893267533,910703514
-4229296747893267532,354051939
-4229296747893267532,910703514
-4229296747893267531,354051939
-4229296747893267531,354051939
-4229296747893267530,1674067374
-4229296747893267530,354051939
-4229296747893267529,354051939
-4229296747893267529,58710774
-4229296747893267529,910703514
-4229296747893267528,910703514
-4229296747893267528,1674067374
-4229296747893267527,354051939
-4229296747893267527,346771110
-4229296747893267526,1674067374
-4229296747893267526,354051939
-4229296747893267526,910703514
-4229296747893267525,346771110
-4229296747893267524,910703514
-4229296747893267524,346771110
-4229296747893267523,346771110
-4229296747893267523,58710774
-4229296747893267522,58710774
-4229296747893267521,1674067374
-4229296747893267520,910703514
-4229296747893267519,346771110
-4229296747893267519,58710774
-4229296747893267519,354051939
-4229296747893267518,354051939
-4229296747893267517,354051939
-4229296747893267517,58710774
-4229296747893267516,346771110
-4229296747893267515,910703514
-4229296747893267515,910703514
-4229296747893267514,346771110
-4229296747893267513,1674067374
-4229296747893267513,346771110
-4229296747893267513,1674067374
-4229296747893267512,354051939
-4229296747893267511,354051939
-4229296747893267511,58710774
-4229296747893267511,354051939
-4229296747893267510,346771110
-4229296747893267510,1674067374
-4229296747893267510,1674067374
-4229296747893267510,354051939
-4229296747893267509,354051939
-4229296747893267509,346771110
-4229296747893267508,354051939
-4229296747893267508,58710774
-4229296747893267508,910703514
-4229296747893267508,58710774
-4229296747893267507,346771110
-4229296747893267506,1674067374
-4229296747893267506,1674067374
-4229296747893267505,910703514
-4229296747893267505,354051939
-4229296747893267505,58710774
-4229296747893267504,910703514
-4229296747893267504,346771110
-4229296747893267504,354051939
-4229296747893267503,354051939
-4229296747893267503,354051939
-4229296747893267502,346771110
-4229296747893267501,354051939
-4229296747893267501,58710774
-4229296747893267501,354051939
-4229296747893267500,1674067374
-4229296747893267500,346771110
-4229296747893267499,58710774
-4229296747893267499,58710774
-4229296747893267498,910703514
-4229296747893267498,910703514
-4229296747893267498,58710774
-4229296747893267497,910703514
-4229296747893267497,354051939
-4229296747893267497,58710774
-4229296747893267496,1674067374
-4229296747893267495,1674067374
-4229296747893267494,910703514
-4229296747893267494,58710774
-4229296747893267493,1674067374
-4229296747893267492,910703514
-4229296747893267492,58710774
-4229296747893267492,1674067374
-4229296747893267491,910703514
-4229296747893267491,346771110
-4229296747893267490,346771110
-4229296747893267490,910703514
-4229296747893267490,910703514
-4229296747893267490,910703514
-4229296747893267489,346771110
-4229296747893267488,910703514
-4229296747893267488,1674067374
-4229296747893267487,910703514
-4229296747893267487,58710774
-4229296747893267486,354051939
-4229296747893267486,58710774
-4229296747893267485,58710774
-4229296747893267485,346771110
-4229296747893267484,354051939
-4229296747893267484,346771110
-4229296747893267484,346771110
-4229296747893267483,346771110
-4229296747893267483,910703514
-4229296747893267483,58710774
-4229296747893267482,354051939
-4229296747893267482,346771110
-4229296747893267481,58710774
-4229296747893267481,58710774
-4229296747893267480,910703514
-4229296747893267480,354051939
-4229296747893267479,354051939
-4229296747893267478,346771110
-4229296747893267478,354051939
-4229296747893267477,346771110
-4229296747893267477,58710774
-4229296747893267477,354051939
-4229296747893267476,354051939
-4229296747893267475,58710774
-4229296747893267474,346771110
-4229296747893267474,354051939
-4229296747893267473,354051939
-4229296747893267472,910703514
-4229296747893267472,354051939
-4229296747893267471,58710774
-4229296747893267471,346771110
-4229296747893267471,346771110
-4229296747893267470,58710774
-4229296747893267469,346771110
-4229296747893267468,58710774
-4229296747893267468,910703514
-4229296747893267467,58710774
-4229296747893267467,910703514
-4229296747893267466,910703514
-4229296747893267465,1674067374
-4229296747893267465,354051939
-4229296747893267465,354051939
-4229296747893267464,910703514
-4229296747893267464,1674067374
-4229296747893267464,354051939
-4229296747893267464,1674067374
-4229296747893267463,910703514
-4229296747893267462,910703514
-4229296747893267461,910703514
-4229296747893267461,58710774
-4229296747893267460,58710774
-4229296747893267460,910703514
-4229296747893267460,58710774
-4229296747893267459,58710774
-4229296747893267459,910703514
-4229296747893267459,910703514
-4229296747893267458,1674067374
-4229296747893267458,354051939
-4229296747893267457,1674067374
-4229296747893267457,346771110
-4229296747893267456,910703514
-4229296747893267456,910703514
-4229296747893267456,1674067374
-4229296747893267455,58710774
-4229296747893267455,354051939
-4229296747893267454,354051939
-4229296747893267454,58710774
-4229296747893267454,58710774
-4229296747893267453,58710774
-4229296747893267453,58710774
-4229296747893267452,910703514
-4229296747893267452,1674067374
-4229296747893267451,910703514
-4229296747893267450,1674067374
-4229296747893267450,1674067374
-4229296747893267449,910703514
-4229296747893267448,58710774
-4229296747893267448,354051939
-4229296747893267447,1674067374
-4229296747893267447,910703514
-4229296747893267447,1674067374
-4229296747893267447,1674067374
-4229296747893267446,910703514
-4229296747893267446,1674067374
-4229296747893267445,58710774
-4229296747893267444,1674067374
-4229296747893267444,910703514
-4229296747893267443,58710774
-4229296747893267443,1674067374
-4229296747893267443,58710774
-4229296747893267442,58710774
-4229296747893267442,346771110
-4229296747893267442,58710774
-4229296747893267442,346771110
-4229296747893267441,910703514
-4229296747893267441,910703514
-4229296747893267440,354051939
-4229296747893267440,58710774
-4229296747893267440,58710774
-4229296747893267440,354051939
-4229296747893267439,1674067374
-4229296747893267438,58710774
-4229296747893267437,910703514
-4229296747893267436,354051939
-4229296747893267435,346771110
-4229296747893267435,354051939
-4229296747893267435,354051939
-4229296747893267434,58710774
-4229296747893267434,1674067374
-4229296747893267434,1674067374
-4229296747893267433,354051939
-4229296747893267432,1674067374
-4229296747893267432,346771110
-4229296747893267432,346771110
-4229296747893267432,346771110
-4229296747893267431,346771110
-4229296747893267430,1674067374
-4229296747893267430,1674067374
-4229296747893267430,58710774
-4229296747893267429,354051939
-4229296747893267428,1674067374
-4229296747893267428,346771110
-4229296747893267427,58710774
-4229296747893267427,910703514
-4229296747893267427,58710774
-4229296747893267426,910703514
-4229296747893267426,1674067374
-4229296747893267425,354051939
-4229296747893267425,58710774
-4229296747893267425,1674067374
-4229296747893267424,354051939
-4229296747893267423,346771110
-4229296747893267422,910703514
-4229296747893267422,1674067374
-4229296747893267422,58710774
-4229296747893267421,58710774
-4229296747893267421,58710774
-4229296747893267421,346771110
-4229296747893267421,1674067374
-4229296747893267420,1674067374
-4229296747893267420,910703514
-4229296747893267420,58710774
-4229296747893267419,1674067374
-4229296747893267419,1674067374
-4229296747893267418,910703514
-4229296747893267417,910703514
-4229296747893267416,354051939
-4229296747893267416,910703514
-4229296747893267416,346771110
-4229296747893267415,1674067374
-4229296747893267414,354051939
-4229296747893267414,910703514
-4229296747893267413,58710774
-4229296747893267412,346771110
-4229296747893267411,910703514
-4229296747893267411,354051939
-4229296747893267411,1674067374
-4229296747893267410,346771110
-4229296747893267410,910703514
-4229296747893267409,1674067374
-4229296747893267409,354051939
-4229296747893267408,354051939
-4229296747893267408,1674067374
-4229296747893267407,58710774
-4229296747893267407,354051939
-4229296747893267406,58710774
-4229296747893267405,354051939
-4229296747893267405,1674067374
-4229296747893267405,1674067374
-4229296747893267405,354051939
-4229296747893267404,354051939
-4229296747893267404,354051939
-4229296747893267403,354051939
-4229296747893267403,346771110
-4229296747893267403,346771110
-4229296747893267402,910703514
-4229296747893267401,346771110
-4229296747893267401,58710774
-4229296747893267400,58710774
-4229296747893267400,346771110
-4229296747893267400,346771110
-4229296747893267399,1674067374
-4229296747893267399,346771110
-4229296747893267399,1674067374
-4229296747893267398,58710774
-4229296747893267398,354051939
-4229296747893267398,346771110
-4229296747893267398,346771110
-4229296747893267397,910703514
-4229296747893267397,910703514
-4229296747893267397,910703514
-4229296747893267396,354051939
-4229296747893267396,58710774
-4229296747893267395,58710774
-4229296747893267395,910703514
-4229296747893267394,58710774
-4229296747893267394,58710774
-4229296747893267393,1674067374
-4229296747893267393,58710774
-4229296747893267393,910703514
-4229296747893267392,354051939
-4229296747893267391,58710774
-4229296747893267391,1674067374
-4229296747893267391,910703514
-4229296747893267391,354051939
-4229296747893267390,58710774
-4229296747893267390,354051939
-4229296747893267389,1674067374
-4229296747893267388,910703514
-4229296747893267387,354051939
-4229296747893267387,910703514
-4229296747893267387,910703514
-4229296747893267386,58710774
-4229296747893267385,1674067374
-4229296747893267385,346771110
-4229296747893267385,354051939
-4229296747893267384,1674067374
-4229296747893267383,58710774
-4229296747893267383,346771110
-4229296747893267382,354051939
-4229296747893267382,58710774
-4229296747893267382,354051939
-4229296747893267381,1674067374
-4229296747893267381,910703514
-4229296747893267380,1674067374
-4229296747893267380,346771110
-4229296747893267380,354051939
-4229296747893267380,354051939
-4229296747893267379,910703514
-4229296747893267378,58710774
-4229296747893267378,354051939
-4229296747893267377,346771110
-4229296747893267377,58710774
-4229296747893267376,1674067374
-4229296747893267376,354051939
-4229296747893267376,346771110
-4229296747893267375,346771110
-4229296747893267375,354051939
-4229296747893267374,910703514
-4229296747893267374,354051939
-4229296747893267373,1674067374
-4229296747893267373,1674067374
-4229296747893267373,1674067374
-4229296747893267373,346771110
-4229296747893267372,910703514
-4229296747893267371,354051939
-4229296747893267371,910703514
-4229296747893267371,910703514
-4229296747893267370,910703514
-4229296747893267369,346771110
-4229296747893267369,346771110
-4229296747893267368,354051939
-4229296747893267368,910703514
-4229296747893267368,58710774
-4229296747893267367,346771110
-4229296747893267366,354051939
-4229296747893267366,1674067374
-4229296747893267366,910703514
-4229296747893267365,1674067374
-4229296747893267364,910703514
-4229296747893267364,346771110
-4229296747893267363,58710774
-4229296747893267363,910703514
-4229296747893267363,1674067374
-4229296747893267363,58710774
-4229296747893267362,1674067374
-4229296747893267362,910703514
-4229296747893267362,910703514
-4229296747893267362,58710774
-4229296747893267361,58710774
-4229296747893267361,354051939
-4229296747893267360,58710774
-4229296747893267360,354051939
-4229296747893267360,346771110
-4229296747893267359,910703514
-4229296747893267359,910703514
-4229296747893267359,1674067374
-4229296747893267358,1674067374
-4229296747893267358,346771110
-4229296747893267358,1674067374
-4229296747893267357,58710774
-4229296747893267357,58710774
-4229296747893267357,910703514
-4229296747893267356,1674067374
-4229296747893267356,910703514
-4229296747893267356,58710774
-4229296747893267355,346771110
-4229296747893267355,1674067374
-4229296747893267354,1674067374
-4229296747893267354,58710774
-4229296747893267354,354051939
-4229296747893267354,1674067374
-4229296747893267353,910703514
-4229296747893267353,354051939
-4229296747893267353,58710774
-4229296747893267352,58710774
-4229296747893267352,910703514
-4229296747893267352,1674067374
-4229296747893267352,354051939
-4229296747893267351,354051939
-4229296747893267351,1674067374
-4229296747893267351,58710774
-4229296747893267350,346771110
-4229296747893267350,1674067374
-4229296747893267350,910703514
-4229296747893267349,346771110
-4229296747893267349,910703514
-4229296747893267349,346771110
-4229296747893267348,58710774
-4229296747893267348,1674067374
-4229296747893267347,910703514
-4229296747893267347,346771110
-4229296747893267346,354051939
-4229296747893267346,1674067374
-4229296747893267346,58710774
-4229296747893267345,346771110
-4229296747893267345,910703514
-4229296747893267344,58710774
-4229296747893267344,1674067374
-4229296747893267344,58710774
-4229296747893267343,910703514
-4229296747893267342,58710774
-4229296747893267342,1674067374
-4229296747893267342,346771110
-4229296747893267341,910703514
-4229296747893267341,58710774
-4229296747893267341,910703514
-4229296747893267341,354051939
-4229296747893267340,910703514
-4229296747893267340,910703514
-4229296747893267339,1674067374
-4229296747893267339,1674067374
-4229296747893267339,58710774
-4229296747893267338,346771110
-4229296747893267338,346771110
-4229296747893267337,58710774
-4229296747893267336,910703514
-4229296747893267336,58710774
-4229296747893267335,910703514
-4229296747893267334,1674067374
-4229296747893267333,58710774
-4229296747893267333,346771110
-4229296747893267333,1674067374
-4229296747893267332,58710774
-4229296747893267332,910703514
-4229296747893267332,346771110
-4229296747893267331,354051939
-4229296747893267331,346771110
-4229296747893267330,354051939
-4229296747893267330,58710774
-4229296747893267330,1674067374
-4229296747893267329,346771110
-4229296747893267329,58710774
-4229296747893267329,354051939
-4229296747893267328,910703514
-4229296747893267328,58710774
-4229296747893267327,1674067374
-4229296747893267327,910703514
-4229296747893267326,346771110
-4229296747893267326,58710774
-4229296747893267325,910703514
-4229296747893267324,1674067374
-4229296747893267324,58710774
-4229296747893267323,1674067374
-4229296747893267323,346771110
-4229296747893267323,910703514
-4229296747893267322,1674067374
-4229296747893267322,354051939
-4229296747893267321,1674067374
-4229296747893267321,346771110
-4229296747893267320,58710774
-4229296747893267320,910703514
-4229296747893267319,1674067374
-4229296747893267319,346771110
-4229296747893267319,910703514
-4229296747893267318,58710774
-4229296747893267318,1674067374
-4229296747893267317,910703514
-4229296747893267316,346771110
-4229296747893267316,1674067374
-4229296747893267316,58710774
-4229296747893267315,1674067374
-4229296747893267314,346771110
-4229296747893267314,58710774
-4229296747893267314,910703514
-4229296747893267313,354051939
-4229296747893267313,1674067374
-4229296747893267312,1674067374
-4229296747893267311,354051939
-4229296747893267310,1674067374
-4229296747893267310,58710774
-4229296747893267309,1674067374
-4229296747893267309,354051939
-4229296747893267309,354051939
-4229296747893267308,910703514
-4229296747893267308,58710774
-4229296747893267308,910703514
-4229296747893267307,346771110
-4229296747893267307,910703514
-4229296747893267306,910703514
-4229296747893267305,346771110
-4229296747893267305,346771110
-4229296747893267304,910703514
-4229296747893267304,910703514
-4229296747893267304,910703514
-4229296747893267304,354051939
-4229296747893267303,346771110
-4229296747893267303,354051939
-4229296747893267302,354051939
-4229296747893267302,910703514
-4229296747893267302,910703514
-4229296747893267301,58710774
-4229296747893267300,58710774
-4229296747893267300,58710774
-4229296747893267300,346771110
-4229296747893267299,910703514
-4229296747893267299,58710774
-4229296747893267299,58710774
-4229296747893267299,346771110
-4229296747893267298,354051939
-4229296747893267298,354051939
-4229296747893267298,346771110
-4229296747893267297,58710774
-4229296747893267297,354051939
-4229296747893267296,354051939
-4229296747893267295,346771110
-4229296747893267295,354051939
-4229296747893267295,346771110
-4229296747893267294,58710774
-4229296747893267294,58710774
-4229296747893267293,910703514
-4229296747893267293,1674067374
-4229296747893267292,346771110
-4229296747893267292,58710774
-4229296747893267292,1674067374
-4229296747893267291,58710774
-4229296747893267291,910703514
-4229296747893267290,1674067374
-4229296747893267290,354051939
-4229296747893267289,346771110
-4229296747893267289,1674067374
-4229296747893267288,346771110
-4229296747893267287,346771110
-4229296747893267286,354051939
-4229296747893267286,910703514
-4229296747893267286,354051939
-4229296747893267285,58710774
-4229296747893267285,354051939
-4229296747893267284,1674067374
-4229296747893267284,58710774
-4229296747893267283,354051939
-4229296747893267283,354051939
-4229296747893267283,354051939
-4229296747893267282,58710774
-4229296747893267281,346771110
-4229296747893267280,346771110
-4229296747893267280,354051939
-4229296747893267280,1674067374
-4229296747893267279,354051939
-4229296747893267278,58710774
-4229296747893267278,910703514
-4229296747893267278,58710774
-4229296747893267277,58710774
-4229296747893267277,1674067374
-4229296747893267277,58710774
-4229296747893267276,354051939
-4229296747893267275,58710774
-4229296747893267275,354051939
-4229296747893267275,346771110
-4229296747893267274,354051939
-4229296747893267274,354051939
-4229296747893267273,910703514
-4229296747893267273,346771110
-4229296747893267273,354051939
-4229296747893267273,354051939
-4229296747893267272,354051939
-4229296747893267272,346771110
-4229296747893267272,346771110
-4229296747893267272,354051939
-4229296747893267271,354051939
-4229296747893267271,58710774
-4229296747893267270,346771110
-4229296747893267270,354051939
-4229296747893267270,910703514
-4229296747893267270,1674067374
-4229296747893267269,58710774
-4229296747893267268,346771110
-4229296747893267267,1674067374
-4229296747893267267,58710774
-4229296747893267267,58710774
-4229296747893267266,1674067374
-4229296747893267266,354051939
-4229296747893267266,58710774
-4229296747893267265,910703514
-4229296747893267264,1674067374
-4229296747893267264,58710774
-4229296747893267264,58710774
-4229296747893267263,354051939
-4229296747893267262,354051939
-4229296747893267261,354051939
-4229296747893267261,354051939
-4229296747893267261,346771110
-4229296747893267261,1674067374
-4229296747893267260,1674067374
-4229296747893267260,910703514
-4229296747893267260,354051939
-4229296747893267259,354051939
-4229296747893267259,910703514
-4229296747893267259,346771110
-4229296747893267259,910703514
-4229296747893267258,354051939
-4229296747893267258,1674067374
-4229296747893267258,910703514
-4229296747893267257,346771110
-4229296747893267257,1674067374
-4229296747893267257,354051939
-4229296747893267256,910703514
-4229296747893267255,354051939
-4229296747893267255,354051939
-4229296747893267255,346771110
-4229296747893267255,346771110
-4229296747893267254,58710774
-4229296747893267254,1674067374
-4229296747893267254,910703514
-4229296747893267253,354051939
-4229296747893267252,346771110
-4229296747893267252,910703514
-4229296747893267252,346771110
-4229296747893267252,910703514
-4229296747893267251,346771110
-4229296747893267250,346771110
-4229296747893267250,1674067374
-4229296747893267250,1674067374
-4229296747893267249,354051939
-4229296747893267249,58710774
-4229296747893267249,354051939
-4229296747893267248,910703514
-4229296747893267248,58710774
-4229296747893267247,1674067374
-4229296747893267247,354051939
-4229296747893267246,354051939
-4229296747893267246,1674067374
-4229296747893267245,58710774
-4229296747893267244,910703514
-4229296747893267244,346771110
-4229296747893267243,58710774
-4229296747893267243,346771110
-4229296747893267242,58710774
-4229296747893267242,346771110
-4229296747893267242,346771110
-4229296747893267242,1674067374
-4229296747893267241,354051939
-4229296747893267241,1674067374
-4229296747893267240,346771110
-4229296747893267240,354051939
-4229296747893267239,346771110
-4229296747893267238,1674067374
-4229296747893267238,58710774
-4229296747893267238,58710774
-4229296747893267237,346771110
-4229296747893267237,58710774
-4229296747893267237,1674067374
-4229296747893267236,58710774
-4229296747893267236,910703514
-4229296747893267236,58710774
-4229296747893267235,910703514
-4229296747893267235,910703514
-4229296747893267235,1674067374
-4229296747893267234,910703514
-4229296747893267233,346771110
-4229296747893267233,910703514
-4229296747893267232,58710774
-4229296747893267232,1674067374
-4229296747893267232,58710774
-4229296747893267231,354051939
-4229296747893267231,346771110
-4229296747893267231,354051939
-4229296747893267230,1674067374
-4229296747893267230,1674067374
-4229296747893267229,910703514
-4229296747893267228,910703514
-4229296747893267228,910703514
-4229296747893267227,354051939
-4229296747893267227,346771110
-4229296747893267226,1674067374
-4229296747893267226,346771110
-4229296747893267225,354051939
-4229296747893267225,58710774
-4229296747893267224,1674067374
-4229296747893267224,354051939
-4229296747893267223,58710774
-4229296747893267223,354051939
-4229296747893267222,58710774
-4229296747893267221,910703514
-4229296747893267221,346771110
-4229296747893267220,58710774
-4229296747893267220,354051939
-4229296747893267219,910703514
-4229296747893267219,1674067374
-4229296747893267218,58710774
-4229296747893267218,354051939
-4229296747893267218,910703514
-4229296747893267217,58710774
-4229296747893267217,346771110
-4229296747893267216,1674067374
-4229296747893267216,354051939
-4229296747893267215,1674067374
-4229296747893267214,354051939
-4229296747893267213,346771110
-4229296747893267212,1674067374
-4229296747893267212,346771110
-4229296747893267212,346771110
-4229296747893267211,346771110
-4229296747893267211,910703514
-4229296747893267210,346771110
-4229296747893267209,910703514
-4229296747893267209,1674067374
-4229296747893267209,346771110
-4229296747893267208,354051939
-4229296747893267208,58710774
-4229296747893267207,346771110
-4229296747893267207,1674067374
-4229296747893267207,910703514
-4229296747893267206,58710774
-4229296747893267205,354051939
-4229296747893267205,1674067374
-4229296747893267204,354051939
-4229296747893267204,1674067374
-4229296747893267203,346771110
-4229296747893267203,58710774
-4229296747893267202,1674067374
-4229296747893267202,58710774
-4229296747893267202,58710774
-4229296747893267201,1674067374
-4229296747893267200,354051939
-4229296747893267200,1674067374
-4229296747893267200,1674067374
-4229296747893267200,354051939
-4229296747893267199,58710774
-4229296747893267199,354051939
-4229296747893267199,58710774
-4229296747893267198,354051939
-4229296747893267197,354051939
-4229296747893267197,1674067374
-4229296747893267196,346771110
-4229296747893267196,910703514
-4229296747893267195,354051939
-4229296747893267195,1674067374
-4229296747893267194,346771110
-4229296747893267194,58710774
-4229296747893267194,1674067374
-4229296747893267193,1674067374
-4229296747893267193,346771110
-4229296747893267192,1674067374
-4229296747893267192,1674067374
-4229296747893267192,1674067374
-4229296747893267191,58710774
-4229296747893267191,1674067374
-4229296747893267191,58710774
-4229296747893267190,346771110
-4229296747893267190,910703514
-4229296747893267190,354051939
-4229296747893267189,1674067374
-4229296747893267189,1674067374
-4229296747893267189,1674067374
-4229296747893267189,346771110
-4229296747893267188,346771110
-4229296747893267188,346771110
-4229296747893267187,346771110
-4229296747893267186,354051939
-4229296747893267186,1674067374
-4229296747893267185,910703514
-4229296747893267185,354051939
-4229296747893267184,910703514
-4229296747893267184,58710774
-4229296747893267183,354051939
-4229296747893267183,354051939
-4229296747893267183,58710774
-4229296747893267183,354051939
-4229296747893267182,910703514
-4229296747893267181,58710774
-4229296747893267181,346771110
-4229296747893267180,1674067374
-4229296747893267179,910703514
-4229296747893267179,58710774
-4229296747893267179,354051939
-4229296747893267178,58710774
-4229296747893267178,910703514
-4229296747893267178,346771110
-4229296747893267177,58710774
-4229296747893267177,354051939
-4229296747893267176,910703514
-4229296747893267176,910703514
-4229296747893267175,346771110
-4229296747893267174,58710774
-4229296747893267174,354051939
-4229296747893267174,346771110
-4229296747893267173,58710774
-4229296747893267173,910703514
-4229296747893267173,346771110
-4229296747893267172,354051939
-4229296747893267171,346771110
-4229296747893267170,354051939
-4229296747893267170,1674067374
-4229296747893267169,58710774
-4229296747893267169,346771110
-4229296747893267169,58710774
-4229296747893267169,346771110
-4229296747893267168,1674067374
-4229296747893267168,346771110
-4229296747893267167,346771110
-4229296747893267167,1674067374
-4229296747893267167,354051939
-4229296747893267166,1674067374
-4229296747893267166,346771110
-4229296747893267165,354051939
-4229296747893267165,910703514
-4229296747893267164,1674067374
-4229296747893267164,58710774
-4229296747893267164,346771110
-4229296747893267163,1674067374
-4229296747893267163,58710774
-4229296747893267163,346771110
-4229296747893267163,910703514
-4229296747893267162,58710774
-4229296747893267162,910703514
-4229296747893267162,58710774
-4229296747893267162,346771110
-4229296747893267161,1674067374
-4229296747893267161,58710774
-4229296747893267161,58710774
-4229296747893267160,1674067374
-4229296747893267159,354051939
-4229296747893267158,910703514
-4229296747893267158,1674067374
-4229296747893267157,354051939
-4229296747893267157,346771110
-4229296747893267156,354051939
-4229296747893267155,354051939
-4229296747893267154,346771110
-4229296747893267154,346771110
-4229296747893267153,58710774
-4229296747893267153,910703514
-4229296747893267152,354051939
-4229296747893267151,354051939
-4229296747893267151,1674067374
-4229296747893267150,346771110
-4229296747893267150,346771110
-4229296747893267149,354051939
-4229296747893267148,58710774
-4229296747893267148,910703514
-4229296747893267147,346771110
-4229296747893267147,910703514
-4229296747893267146,910703514
-4229296747893267146,346771110
-4229296747893267145,346771110
-4229296747893267145,910703514
-4229296747893267144,354051939
-4229296747893267144,1674067374
-4229296747893267144,58710774
-4229296747893267143,58710774
-4229296747893267143,58710774
-4229296747893267143,1674067374
-4229296747893267142,346771110
-4229296747893267142,354051939
-4229296747893267141,1674067374
-4229296747893267141,58710774
-4229296747893267140,1674067374
-4229296747893267140,1674067374
-4229296747893267140,910703514
-4229296747893267140,1674067374
-4229296747893267139,354051939
-4229296747893267139,58710774
-4229296747893267139,58710774
-4229296747893267138,58710774
-4229296747893267138,354051939
-4229296747893267138,1674067374
-4229296747893267138,910703514
-4229296747893267137,58710774
-4229296747893267137,1674067374
-4229296747893267136,1674067374
-4229296747893267136,58710774
-4229296747893267135,354051939
-4229296747893267135,910703514
-4229296747893267134,1674067374
-4229296747893267134,910703514
-4229296747893267134,58710774
-4229296747893267133,910703514
-4229296747893267133,910703514
-4229296747893267133,910703514
-4229296747893267132,58710774
-4229296747893267131,910703514
-4229296747893267130,1674067374
-4229296747893267130,346771110
-4229296747893267129,1674067374
-4229296747893267129,58710774
-4229296747893267129,910703514
-4229296747893267128,346771110
-4229296747893267128,346771110
-4229296747893267128,354051939
-4229296747893267127,58710774
-4229296747893267127,910703514
-4229296747893267126,354051939
-4229296747893267126,354051939
-4229296747893267125,910703514
-4229296747893267125,1674067374
-4229296747893267125,354051939
-4229296747893267124,346771110
-4229296747893267124,354051939
-4229296747893267123,910703514
-4229296747893267122,346771110
-4229296747893267122,1674067374
-4229296747893267122,58710774
-4229296747893267121,1674067374
-4229296747893267121,346771110
-4229296747893267120,354051939
-4229296747893267120,346771110
-4229296747893267120,1674067374
-4229296747893267119,354051939
-4229296747893267119,354051939
-4229296747893267118,58710774
-4229296747893267118,1674067374
-4229296747893267118,346771110
-4229296747893267117,354051939
-4229296747893267117,1674067374
-4229296747893267117,354051939
-4229296747893267116,354051939
-4229296747893267116,354051939
-4229296747893267115,910703514
-4229296747893267114,354051939
-4229296747893267114,346771110
-4229296747893267114,346771110
-4229296747893267113,1674067374
-4229296747893267113,1674067374
-4229296747893267112,346771110
-4229296747893267112,354051939
-4229296747893267111,1674067374
-4229296747893267111,58710774
-4229296747893267111,910703514
-4229296747893267110,346771110
-4229296747893267110,58710774
-4229296747893267109,58710774
-4229296747893267109,346771110
-4229296747893267109,58710774
-4229296747893267108,354051939
-4229296747893267108,58710774
-4229296747893267108,58710774
-4229296747893267107,1674067374
-4229296747893267106,354051939
-4229296747893267105,346771110
-4229296747893267105,346771110
-4229296747893267105,354051939
-4229296747893267104,354051939
-4229296747893267103,910703514
-4229296747893267103,354051939
-4229296747893267103,346771110
-4229296747893267102,910703514
-4229296747893267102,910703514
-4229296747893267102,346771110
-4229296747893267101,58710774
-4229296747893267101,354051939
-4229296747893267101,910703514
-4229296747893267100,346771110
-4229296747893267100,346771110
-4229296747893267100,58710774
-4229296747893267100,1674067374
-4229296747893267099,1674067374
-4229296747893267098,910703514
-4229296747893267097,910703514
-4229296747893267096,354051939
-4229296747893267096,1674067374
-4229296747893267095,354051939
-4229296747893267094,346771110
-4229296747893267094,1674067374
-4229296747893267094,354051939
-4229296747893267093,910703514
-4229296747893267093,346771110
-4229296747893267093,354051939
-4229296747893267092,910703514
-4229296747893267092,346771110
-4229296747893267092,1674067374
-4229296747893267092,58710774
-4229296747893267091,354051939
-4229296747893267090,354051939
-4229296747893267090,346771110
-4229296747893267090,1674067374
-4229296747893267090,354051939
-4229296747893267089,346771110
-4229296747893267089,910703514
-4229296747893267088,58710774
-4229296747893267088,346771110
-4229296747893267088,910703514
-4229296747893267088,346771110
-4229296747893267087,58710774
-4229296747893267086,1674067374
-4229296747893267086,1674067374
-4229296747893267086,1674067374
-4229296747893267086,346771110
-4229296747893267085,1674067374
-4229296747893267085,1674067374
-4229296747893267084,910703514
-4229296747893267083,346771110
-4229296747893267083,58710774
-4229296747893267083,1674067374
-4229296747893267082,58710774
-4229296747893267082,346771110
-4229296747893267081,910703514
-4229296747893267081,346771110
-4229296747893267081,58710774
-4229296747893267080,346771110
-4229296747893267080,910703514
-4229296747893267080,354051939
-4229296747893267079,910703514
-4229296747893267079,354051939
-4229296747893267078,58710774
-4229296747893267078,1674067374
-4229296747893267077,354051939
-4229296747893267077,1674067374
-4229296747893267077,346771110
-4229296747893267076,58710774
-4229296747893267076,910703514
-4229296747893267075,346771110
-4229296747893267074,910703514
-4229296747893267074,1674067374
-4229296747893267074,1674067374
-4229296747893267073,354051939
-4229296747893267073,1674067374
-4229296747893267072,58710774
-4229296747893267072,910703514
-4229296747893267071,354051939
-4229296747893267071,354051939
-4229296747893267071,354051939
-4229296747893267070,346771110
-4229296747893267070,354051939
-4229296747893267069,58710774
-4229296747893267069,346771110
-4229296747893267068,910703514
-4229296747893267068,910703514
-4229296747893267068,346771110
-4229296747893267067,58710774
-4229296747893267067,1674067374
-4229296747893267066,354051939
-4229296747893267066,58710774
-4229296747893267066,354051939
-4229296747893267065,910703514
-4229296747893267065,1674067374
-4229296747893267064,910703514
-4229296747893267064,58710774
-4229296747893267063,346771110
-4229296747893267063,346771110
-4229296747893267063,910703514
-4229296747893267062,346771110
-4229296747893267062,1674067374
-4229296747893267061,346771110
-4229296747893267061,354051939
-4229296747893267060,910703514
-4229296747893267059,58710774
-4229296747893267058,1674067374
-4229296747893267057,354051939
-4229296747893267057,1674067374
-4229296747893267056,910703514
-4229296747893267056,1674067374
-4229296747893267056,346771110
-4229296747893267056,910703514
-4229296747893267055,58710774
-4229296747893267055,346771110
-4229296747893267055,910703514
-4229296747893267055,1674067374
-4229296747893267054,354051939
-4229296747893267053,1674067374
-4229296747893267053,58710774
-4229296747893267053,354051939
-4229296747893267052,346771110
-4229296747893267052,1674067374
-4229296747893267051,58710774
-4229296747893267051,58710774
-4229296747893267050,1674067374
-4229296747893267050,354051939
-4229296747893267050,910703514
-4229296747893267050,910703514
-4229296747893267049,910703514
-4229296747893267049,58710774
-4229296747893267049,354051939
-4229296747893267048,910703514
-4229296747893267048,354051939
-4229296747893267048,58710774
-4229296747893267048,354051939
-4229296747893267047,346771110
-4229296747893267046,910703514
-4229296747893267046,58710774
-4229296747893267045,910703514
-4229296747893267044,354051939
-4229296747893267044,910703514
-4229296747893267044,1674067374
-4229296747893267043,910703514
-4229296747893267043,346771110
-4229296747893267043,346771110
-4229296747893267043,346771110
-4229296747893267042,346771110
-4229296747893267042,58710774
-4229296747893267042,910703514
-4229296747893267041,1674067374
-4229296747893267041,346771110
-4229296747893267040,346771110
-4229296747893267040,58710774
-4229296747893267040,1674067374
-4229296747893267040,58710774
-4229296747893267039,910703514
-4229296747893267039,346771110
-4229296747893267039,58710774
-4229296747893267038,58710774
-4229296747893267038,1674067374
-4229296747893267038,346771110
-4229296747893267037,346771110
-4229296747893267037,1674067374
-4229296747893267036,346771110
-4229296747893267036,58710774
-4229296747893267035,346771110
-4229296747893267034,58710774
-4229296747893267034,346771110
-4229296747893267034,910703514
-4229296747893267033,1674067374
-4229296747893267033,1674067374
-4229296747893267033,354051939
-4229296747893267032,346771110
-4229296747893267031,58710774
-4229296747893267031,910703514
-4229296747893267030,354051939
-4229296747893267030,354051939
-4229296747893267029,354051939
-4229296747893267028,354051939
-4229296747893267028,58710774
-4229296747893267028,346771110
-4229296747893267027,58710774
-4229296747893267027,346771110
-4229296747893267026,910703514
-4229296747893267026,1674067374
-4229296747893267026,354051939
-4229296747893267025,910703514
-4229296747893267025,354051939
-4229296747893267024,1674067374
-4229296747893267024,354051939
-4229296747893267024,1674067374
-4229296747893267024,346771110
-4229296747893267023,910703514
-4229296747893267022,910703514
-4229296747893267022,58710774
-4229296747893267021,354051939
-4229296747893267021,1674067374
-4229296747893267021,346771110
-4229296747893267020,346771110
-4229296747893267020,910703514
-4229296747893267020,354051939
-4229296747893267019,354051939
-4229296747893267019,354051939
-4229296747893267019,354051939
-4229296747893267018,58710774
-4229296747893267018,58710774
-4229296747893267017,346771110
-4229296747893267017,354051939
-4229296747893267016,58710774
-4229296747893267016,58710774
-4229296747893267016,346771110
-4229296747893267015,910703514
-4229296747893267015,58710774
-4229296747893267015,346771110
-4229296747893267014,1674067374
-4229296747893267014,1674067374
-4229296747893267014,58710774
-4229296747893267013,910703514
-4229296747893267013,58710774
-4229296747893267013,910703514
-4229296747893267012,910703514
-4229296747893267012,354051939
-4229296747893267011,1674067374
-4229296747893267011,910703514
-4229296747893267010,1674067374
-4229296747893267010,1674067374
-4229296747893267010,346771110
-4229296747893267009,58710774
-4229296747893267008,910703514
-4229296747893267008,910703514
-4229296747893267008,1674067374
-4229296747893267007,346771110
-4229296747893267007,1674067374
-4229296747893267007,354051939
-4229296747893267006,1674067374
-4229296747893267006,346771110
-4229296747893267006,58710774
-4229296747893267006,354051939
-4229296747893267005,910703514
-4229296747893267004,1674067374
-4229296747893267004,58710774
-4229296747893267004,346771110
-4229296747893267003,910703514
-4229296747893267002,910703514
-4229296747893267002,354051939
-4229296747893267001,910703514
-4229296747893267001,910703514
-4229296747893267000,346771110
-4229296747893266999,58710774
-4229296747893266999,58710774
-4229296747893266999,58710774
-4229296747893266998,346771110
-4229296747893266998,346771110
-4229296747893266998,910703514
-4229296747893266997,910703514
-4229296747893266997,346771110
-4229296747893266997,910703514
-4229296747893266997,1674067374
-4229296747893266996,58710774
-4229296747893266996,910703514
-4229296747893266996,354051939
-4229296747893266995,910703514
-4229296747893266994,910703514
-4229296747893266994,346771110
-4229296747893266994,346771110
-4229296747893266993,354051939
-4229296747893266993,1674067374
-4229296747893266992,58710774
-4229296747893266992,346771110
-4229296747893266991,354051939
-4229296747893266991,910703514
-4229296747893266990,58710774
-4229296747893266989,58710774
-4229296747893266988,346771110
-4229296747893266988,58710774
-4229296747893266988,1674067374
-4229296747893266988,1674067374
-4229296747893266987,354051939
-4229296747893266987,1674067374
-4229296747893266986,910703514
-4229296747893266986,910703514
-4229296747893266986,910703514
-4229296747893266985,346771110
-4229296747893266985,58710774
-4229296747893266984,58710774
-4229296747893266983,910703514
-4229296747893266982,910703514
-4229296747893266982,354051939
-4229296747893266982,354051939
-4229296747893266981,1674067374
-4229296747893266981,346771110
-4229296747893266980,354051939
-4229296747893266980,354051939
-4229296747893266980,346771110
-4229296747893266979,1674067374
-4229296747893266979,58710774
-4229296747893266978,58710774
-4229296747893266978,354051939
-4229296747893266978,354051939
-4229296747893266978,910703514
-4229296747893266977,910703514
-4229296747893266977,58710774
-4229296747893266977,910703514
-4229296747893266976,346771110
-4229296747893266975,354051939
-4229296747893266975,1674067374
-4229296747893266974,346771110
-4229296747893266974,354051939
-4229296747893266974,910703514
-4229296747893266974,346771110
-4229296747893266973,346771110
-4229296747893266973,1674067374
-4229296747893266973,58710774
-4229296747893266972,346771110
-4229296747893266972,910703514
-4229296747893266971,910703514
-4229296747893266971,58710774
-4229296747893266971,1674067374
-4229296747893266970,910703514
-4229296747893266970,58710774
-4229296747893266970,910703514
-4229296747893266969,354051939
-4229296747893266969,58710774
-4229296747893266969,910703514
-4229296747893266968,1674067374
-4229296747893266968,910703514
-4229296747893266968,58710774
-4229296747893266968,1674067374
-4229296747893266967,1674067374
-4229296747893266967,58710774
-4229296747893266967,1674067374
-4229296747893266966,58710774
-4229296747893266966,354051939
-4229296747893266965,346771110
-4229296747893266965,1674067374
-4229296747893266965,58710774
-4229296747893266964,346771110
-4229296747893266964,346771110
-4229296747893266963,354051939
-4229296747893266963,58710774
-4229296747893266962,346771110
-4229296747893266962,346771110
-4229296747893266961,354051939
-4229296747893266961,910703514
-4229296747893266960,910703514
-4229296747893266959,354051939
-4229296747893266958,58710774
-4229296747893266958,354051939
-4229296747893266957,58710774
-4229296747893266957,346771110
-4229296747893266957,58710774
-4229296747893266957,58710774
-4229296747893266956,1674067374
-4229296747893266956,346771110
-4229296747893266955,346771110
-4229296747893266955,354051939
-4229296747893266954,58710774
-4229296747893266954,1674067374
-4229296747893266954,910703514
-4229296747893266953,58710774
-4229296747893266952,346771110
-4229296747893266952,346771110
-4229296747893266952,1674067374
-4229296747893266951,58710774
-4229296747893266951,354051939
-4229296747893266950,354051939
-4229296747893266950,910703514
-4229296747893266950,1674067374
-4229296747893266950,910703514
-4229296747893266949,910703514
-4229296747893266949,58710774
-4229296747893266949,354051939
-4229296747893266948,354051939
-4229296747893266948,1674067374
-4229296747893266948,1674067374
-4229296747893266947,58710774
-4229296747893266947,1674067374
-4229296747893266946,1674067374
-4229296747893266946,346771110
-4229296747893266946,346771110
-4229296747893266945,910703514
-4229296747893266944,346771110
-4229296747893266944,354051939
-4229296747893266943,354051939
-4229296747893266943,58710774
-4229296747893266942,354051939
-4229296747893266942,58710774
-4229296747893266941,58710774
-4229296747893266941,346771110
-4229296747893266941,1674067374
-4229296747893266941,354051939
-4229296747893266940,354051939
-4229296747893266940,346771110
-4229296747893266939,58710774
-4229296747893266938,346771110
-4229296747893266938,346771110
-4229296747893266938,1674067374
-4229296747893266938,58710774
-4229296747893266937,58710774
-4229296747893266937,910703514
-4229296747893266937,58710774
-4229296747893266937,346771110
-4229296747893266936,354051939
-4229296747893266935,354051939
-4229296747893266935,346771110
-4229296747893266935,910703514
-4229296747893266934,58710774
-4229296747893266934,1674067374
-4229296747893266933,58710774
-4229296747893266933,1674067374
-4229296747893266932,346771110
-4229296747893266932,58710774
-4229296747893266932,58710774
-4229296747893266931,58710774
-4229296747893266930,910703514
-4229296747893266930,1674067374
-4229296747893266929,910703514
-4229296747893266929,346771110
-4229296747893266929,346771110
-4229296747893266929,354051939
-4229296747893266928,1674067374
-4229296747893266928,346771110
-4229296747893266928,354051939
-4229296747893266927,354051939
-4229296747893266927,58710774
-4229296747893266927,346771110
-4229296747893266926,1674067374
-4229296747893266926,346771110
-4229296747893266925,58710774
-4229296747893266925,354051939
-4229296747893266924,910703514
-4229296747893266923,354051939
-4229296747893266923,1674067374
-4229296747893266923,1674067374
-4229296747893266922,354051939
-4229296747893266922,346771110
-4229296747893266922,1674067374
-4229296747893266921,354051939
-4229296747893266921,910703514
-4229296747893266921,58710774
-4229296747893266921,910703514
-4229296747893266920,1674067374
-4229296747893266920,354051939
-4229296747893266919,354051939
-4229296747893266919,1674067374
-4229296747893266918,1674067374
-4229296747893266917,354051939
-4229296747893266917,58710774
-4229296747893266917,346771110
-4229296747893266917,354051939
-4229296747893266916,354051939
-4229296747893266916,58710774
-4229296747893266916,910703514
-4229296747893266916,346771110
-4229296747893266915,346771110
-4229296747893266915,1674067374
-4229296747893266914,346771110
-4229296747893266914,58710774
-4229296747893266913,910703514
-4229296747893266913,910703514
-4229296747893266912,354051939
-4229296747893266912,354051939
-4229296747893266912,910703514
-4229296747893266911,910703514
-4229296747893266911,910703514
-4229296747893266911,354051939
-4229296747893266910,1674067374
-4229296747893266909,354051939
-4229296747893266909,346771110
-4229296747893266909,910703514
-4229296747893266909,1674067374
-4229296747893266908,346771110
-4229296747893266907,1674067374
-4229296747893266906,58710774
-4229296747893266906,346771110
-4229296747893266905,1674067374
-4229296747893266905,58710774
-4229296747893266905,354051939
-4229296747893266904,354051939
-4229296747893266904,346771110
-4229296747893266903,910703514
-4229296747893266903,58710774
-4229296747893266903,346771110
-4229296747893266903,910703514
-4229296747893266902,354051939
-4229296747893266902,354051939
-4229296747893266901,354051939
-4229296747893266901,58710774
-4229296747893266901,346771110
-4229296747893266900,58710774
-4229296747893266900,1674067374
-4229296747893266899,1674067374
-4229296747893266899,910703514
-4229296747893266899,58710774
-4229296747893266898,58710774
-4229296747893266898,910703514
-4229296747893266898,910703514
-4229296747893266897,58710774
-4229296747893266897,58710774
-4229296747893266896,346771110
-4229296747893266896,1674067374
-4229296747893266896,58710774
-4229296747893266895,58710774
-4229296747893266894,1674067374
-4229296747893266894,910703514
-4229296747893266894,910703514
-4229296747893266893,346771110
-4229296747893266893,346771110
-4229296747893266892,354051939
-4229296747893266891,354051939
-4229296747893266891,346771110
-4229296747893266891,354051939
-4229296747893266890,58710774
-4229296747893266890,354051939
-4229296747893266890,910703514
-4229296747893266889,910703514
-4229296747893266889,354051939
-4229296747893266888,58710774
-4229296747893266888,346771110
-4229296747893266888,346771110
-4229296747893266887,910703514
-4229296747893266887,354051939
-4229296747893266887,354051939
-4229296747893266886,910703514
-4229296747893266886,346771110
-4229296747893266886,910703514
-4229296747893266885,58710774
-4229296747893266885,1674067374
-4229296747893266884,346771110
-4229296747893266884,910703514
-4229296747893266883,1674067374
-4229296747893266883,1674067374
-4229296747893266883,346771110
-4229296747893266883,354051939
-4229296747893266882,910703514
-4229296747893266882,346771110
-4229296747893266882,58710774
-4229296747893266881,910703514
-4229296747893266880,346771110
-4229296747893266879,346771110
-4229296747893266878,354051939
-4229296747893266878,354051939
-4229296747893266878,910703514
-4229296747893266877,910703514
-4229296747893266877,346771110
-4229296747893266876,58710774
-4229296747893266876,346771110
-4229296747893266875,346771110
-4229296747893266875,1674067374
-4229296747893266875,58710774
-4229296747893266874,910703514
-4229296747893266874,910703514
-4229296747893266873,58710774
-4229296747893266873,910703514
-4229296747893266872,1674067374
-4229296747893266872,58710774
-4229296747893266871,910703514
-4229296747893266871,910703514
-4229296747893266870,910703514
-4229296747893266870,354051939
-4229296747893266869,1674067374
-4229296747893266869,1674067374
-4229296747893266868,58710774
-4229296747893266868,354051939
-4229296747893266868,1674067374
-4229296747893266867,910703514
-4229296747893266866,1674067374
-4229296747893266866,58710774
-4229296747893266865,58710774
-4229296747893266865,346771110
-4229296747893266865,1674067374
-4229296747893266864,58710774
-4229296747893266863,910703514
-4229296747893266863,1674067374
-4229296747893266863,354051939
-4229296747893266862,346771110
-4229296747893266862,346771110
-4229296747893266861,354051939
-4229296747893266861,346771110
-4229296747893266860,354051939
-4229296747893266859,910703514
-4229296747893266858,910703514
-4229296747893266858,58710774
-4229296747893266858,354051939
-4229296747893266857,1674067374
-4229296747893266857,58710774
-4229296747893266857,346771110
-4229296747893266856,1674067374
-4229296747893266856,58710774
-4229296747893266856,346771110
-4229296747893266855,346771110
-4229296747893266854,346771110
-4229296747893266854,58710774
-4229296747893266853,354051939
-4229296747893266853,354051939
-4229296747893266852,1674067374
-4229296747893266852,354051939
-4229296747893266851,1674067374
-4229296747893266850,910703514
-4229296747893266850,354051939
-4229296747893266850,910703514
-4229296747893266850,910703514
-4229296747893266849,910703514
-4229296747893266848,1674067374
-4229296747893266848,346771110
-4229296747893266848,1674067374
-4229296747893266847,354051939
-4229296747893266846,1674067374
-4229296747893266846,1674067374
-4229296747893266845,346771110
-4229296747893266845,58710774
-4229296747893266844,354051939
-4229296747893266844,354051939
-4229296747893266843,910703514
-4229296747893266843,58710774
-4229296747893266843,58710774
-4229296747893266842,910703514
-4229296747893266842,1674067374
-4229296747893266841,354051939
-4229296747893266841,354051939
-4229296747893266840,58710774
-4229296747893266840,354051939
-4229296747893266840,910703514
-4229296747893266839,910703514
-4229296747893266839,1674067374
-4229296747893266839,910703514
-4229296747893266838,910703514
-4229296747893266837,354051939
-4229296747893266837,1674067374
-4229296747893266836,910703514
-4229296747893266835,354051939
-4229296747893266835,346771110
-4229296747893266835,58710774
-4229296747893266834,346771110
-4229296747893266834,1674067374
-4229296747893266834,910703514
-4229296747893266833,346771110
-4229296747893266833,354051939
-4229296747893266832,58710774
-4229296747893266832,354051939
-4229296747893266832,910703514
-4229296747893266832,1674067374
-4229296747893266831,910703514
-4229296747893266831,354051939
-4229296747893266831,1674067374
-4229296747893266830,910703514
-4229296747893266830,910703514
-4229296747893266830,910703514
-4229296747893266829,354051939
-4229296747893266828,354051939
-4229296747893266828,354051939
-4229296747893266828,346771110
-4229296747893266827,1674067374
-4229296747893266827,910703514
-4229296747893266827,58710774
-4229296747893266826,1674067374
-4229296747893266825,910703514
-4229296747893266825,354051939
-4229296747893266824,354051939
-4229296747893266824,910703514
-4229296747893266824,354051939
-4229296747893266823,58710774
-4229296747893266823,1674067374
-4229296747893266822,354051939
-4229296747893266822,354051939
-4229296747893266821,910703514
-4229296747893266821,910703514
-4229296747893266821,354051939
-4229296747893266821,910703514
-4229296747893266820,354051939
-4229296747893266820,354051939
-4229296747893266820,346771110
-4229296747893266819,910703514
-4229296747893266819,1674067374
-4229296747893266819,58710774
-4229296747893266818,1674067374
-4229296747893266818,58710774
-4229296747893266818,354051939
-4229296747893266817,910703514
-4229296747893266817,354051939
-4229296747893266816,1674067374
-4229296747893266816,346771110
-4229296747893266815,346771110
-4229296747893266815,910703514
-4229296747893266815,58710774
-4229296747893266814,354051939
-4229296747893266814,346771110
-4229296747893266814,1674067374
-4229296747893266813,1674067374
-4229296747893266813,346771110
-4229296747893266813,58710774
-4229296747893266812,58710774
-4229296747893266812,354051939
-4229296747893266811,58710774
-4229296747893266810,910703514
-4229296747893266810,910703514
-4229296747893266809,1674067374
-4229296747893266809,1674067374
-4229296747893266808,910703514
-4229296747893266807,354051939
-4229296747893266806,354051939
-4229296747893266806,1674067374
-4229296747893266805,910703514
-4229296747893266804,354051939
-4229296747893266804,58710774
-4229296747893266804,346771110
-4229296747893266803,910703514
-4229296747893266803,910703514
-4229296747893266802,58710774
-4229296747893266802,58710774
-4229296747893266801,346771110
-4229296747893266801,354051939
-4229296747893266800,58710774
-4229296747893266800,910703514
-4229296747893266800,346771110
-4229296747893266799,1674067374
-4229296747893266799,910703514
-4229296747893266799,1674067374
-4229296747893266798,910703514
-4229296747893266798,346771110
-4229296747893266798,354051939
-4229296747893266797,354051939
-4229296747893266797,1674067374
-4229296747893266796,346771110
-4229296747893266796,346771110
-4229296747893266795,1674067374
-4229296747893266795,910703514
-4229296747893266794,346771110
-4229296747893266794,910703514
-4229296747893266793,910703514
-4229296747893266793,1674067374
-4229296747893266792,910703514
-4229296747893266792,910703514
-4229296747893266791,354051939
-4229296747893266791,354051939
-4229296747893266791,346771110
-4229296747893266790,354051939
-4229296747893266790,354051939
-4229296747893266790,1674067374
-4229296747893266789,58710774
-4229296747893266788,346771110
-4229296747893266788,910703514
-4229296747893266787,58710774
-4229296747893266786,58710774
-4229296747893266785,58710774
-4229296747893266785,346771110
-4229296747893266785,354051939
-4229296747893266784,354051939
-4229296747893266784,346771110
-4229296747893266783,346771110
-4229296747893266782,354051939
-4229296747893266782,354051939
-4229296747893266782,58710774
-4229296747893266781,1674067374
-4229296747893266781,58710774
-4229296747893266780,346771110
-4229296747893266780,346771110
-4229296747893266779,910703514
-4229296747893266779,910703514
-4229296747893266778,354051939
-4229296747893266778,346771110
-4229296747893266777,58710774
-4229296747893266777,910703514
-4229296747893266777,354051939
-4229296747893266776,354051939
-4229296747893266775,354051939
-4229296747893266775,354051939
-4229296747893266775,910703514
-4229296747893266774,1674067374
-4229296747893266774,346771110
-4229296747893266773,346771110
-4229296747893266773,1674067374
-4229296747893266772,354051939
-4229296747893266771,1674067374
-4229296747893266771,58710774
-4229296747893266771,58710774
-4229296747893266770,910703514
-4229296747893266770,346771110
-4229296747893266770,58710774
-4229296747893266769,910703514
-4229296747893266769,346771110
-4229296747893266769,346771110
-4229296747893266769,346771110
-4229296747893266768,354051939
-4229296747893266768,58710774
-4229296747893266768,58710774
-4229296747893266767,58710774
-4229296747893266766,346771110
-4229296747893266766,1674067374
-4229296747893266766,346771110
-4229296747893266765,346771110
-4229296747893266764,910703514
-4229296747893266763,910703514
-4229296747893266763,1674067374
-4229296747893266763,354051939
-4229296747893266762,910703514
-4229296747893266762,354051939
-4229296747893266762,354051939
-4229296747893266761,910703514
-4229296747893266761,910703514
-4229296747893266761,910703514
-4229296747893266760,354051939
-4229296747893266759,910703514
-4229296747893266759,910703514
-4229296747893266759,1674067374
-4229296747893266758,910703514
-4229296747893266758,1674067374
-4229296747893266758,58710774
-4229296747893266757,910703514
-4229296747893266757,910703514
-4229296747893266756,58710774
-4229296747893266756,1674067374
-4229296747893266756,910703514
-4229296747893266755,1674067374
-4229296747893266755,354051939
-4229296747893266754,910703514
-4229296747893266754,58710774
-4229296747893266754,354051939
-4229296747893266753,58710774
-4229296747893266752,58710774
-4229296747893266751,910703514
-4229296747893266751,354051939
-4229296747893266751,910703514
-4229296747893266750,1674067374
-4229296747893266750,58710774
-4229296747893266749,1674067374
-4229296747893266749,910703514
-4229296747893266749,1674067374
-4229296747893266748,354051939
-4229296747893266748,354051939
-4229296747893266748,346771110
-4229296747893266747,910703514
-4229296747893266747,346771110
-4229296747893266747,58710774
-4229296747893266746,910703514
-4229296747893266746,354051939
-4229296747893266745,910703514
-4229296747893266745,1674067374
-4229296747893266745,1674067374
-4229296747893266744,354051939
-4229296747893266744,354051939
-4229296747893266743,354051939
-4229296747893266742,58710774
-4229296747893266742,910703514
-4229296747893266742,346771110
-4229296747893266741,354051939
-4229296747893266740,58710774
-4229296747893266740,58710774
-4229296747893266740,1674067374
-4229296747893266739,1674067374
-4229296747893266739,346771110
-4229296747893266739,58710774
-4229296747893266738,346771110
-4229296747893266738,58710774
-4229296747893266738,58710774
-4229296747893266737,58710774
-4229296747893266737,910703514
-4229296747893266736,354051939
-4229296747893266735,910703514
-4229296747893266734,1674067374
-4229296747893266734,58710774
-4229296747893266734,58710774
-4229296747893266733,1674067374
-4229296747893266733,1674067374
-4229296747893266732,910703514
-4229296747893266732,1674067374
-4229296747893266731,346771110
-4229296747893266731,354051939
-4229296747893266731,58710774
-4229296747893266731,910703514
-4229296747893266730,58710774
-4229296747893266730,910703514
-4229296747893266730,354051939
-4229296747893266730,910703514
-4229296747893266729,346771110
-4229296747893266729,1674067374
-4229296747893266729,910703514
-4229296747893266728,58710774
-4229296747893266728,58710774
-4229296747893266728,58710774
-4229296747893266727,346771110
-4229296747893266727,346771110
-4229296747893266726,1674067374
-4229296747893266726,910703514
-4229296747893266725,354051939
-4229296747893266725,1674067374
-4229296747893266724,910703514
-4229296747893266724,354051939
-4229296747893266723,910703514
-4229296747893266723,1674067374
-4229296747893266722,910703514
-4229296747893266722,1674067374
-4229296747893266721,910703514
-4229296747893266721,354051939
-4229296747893266721,1674067374
-4229296747893266720,346771110
-4229296747893266720,58710774
-4229296747893266719,354051939
-4229296747893266719,354051939
-4229296747893266718,354051939
-4229296747893266718,354051939
-4229296747893266717,346771110
-4229296747893266717,58710774
-4229296747893266717,910703514
-4229296747893266717,346771110
-4229296747893266716,346771110
-4229296747893266716,58710774
-4229296747893266716,346771110
-4229296747893266716,1674067374
-4229296747893266715,1674067374
-4229296747893266714,910703514
-4229296747893266714,910703514
-4229296747893266714,346771110
-4229296747893266714,354051939
-4229296747893266713,1674067374
-4229296747893266713,58710774
-4229296747893266712,58710774
-4229296747893266712,58710774
-4229296747893266711,354051939
-4229296747893266711,354051939
-4229296747893266711,354051939
-4229296747893266711,346771110
-4229296747893266710,58710774
-4229296747893266710,1674067374
-4229296747893266709,910703514
-4229296747893266709,58710774
-4229296747893266708,58710774
-4229296747893266708,910703514
-4229296747893266707,910703514
-4229296747893266707,354051939
-4229296747893266706,346771110
-4229296747893266705,910703514
-4229296747893266704,346771110
-4229296747893266703,354051939
-4229296747893266702,346771110
-4229296747893266701,1674067374
-4229296747893266701,354051939
-4229296747893266700,1674067374
-4229296747893266700,354051939
-4229296747893266700,58710774
-4229296747893266699,910703514
-4229296747893266699,910703514
-4229296747893266698,346771110
-4229296747893266697,354051939
-4229296747893266697,58710774
-4229296747893266697,58710774
-4229296747893266696,346771110
-4229296747893266696,346771110
-4229296747893266695,910703514
-4229296747893266695,58710774
-4229296747893266695,354051939
-4229296747893266694,58710774
-4229296747893266694,58710774
-4229296747893266694,354051939
-4229296747893266693,910703514
-4229296747893266693,1674067374
-4229296747893266693,910703514
-4229296747893266692,58710774
-4229296747893266692,910703514
-4229296747893266692,58710774
-4229296747893266691,354051939
-4229296747893266691,354051939
-4229296747893266690,58710774
-4229296747893266690,354051939
-4229296747893266689,346771110
-4229296747893266689,354051939
-4229296747893266688,58710774
-4229296747893266688,58710774
-4229296747893266687,354051939
-4229296747893266687,1674067374
-4229296747893266687,354051939
-4229296747893266687,346771110
-4229296747893266686,346771110
-4229296747893266686,910703514
-4229296747893266685,1674067374
-4229296747893266684,58710774
-4229296747893266684,58710774
-4229296747893266684,58710774
-4229296747893266683,346771110
-4229296747893266683,1674067374
-4229296747893266682,1674067374
-4229296747893266682,58710774
-4229296747893266681,910703514
-4229296747893266681,58710774
-4229296747893266680,58710774
-4229296747893266679,58710774
-4229296747893266679,354051939
-4229296747893266679,58710774
-4229296747893266678,58710774
-4229296747893266678,58710774
-4229296747893266678,1674067374
-4229296747893266678,1674067374
-4229296747893266677,346771110
-4229296747893266676,58710774
-4229296747893266676,354051939
-4229296747893266676,910703514
-4229296747893266675,346771110
-4229296747893266675,58710774
-4229296747893266675,346771110
-4229296747893266674,910703514
-4229296747893266674,58710774
-4229296747893266674,354051939
-4229296747893266673,354051939
-4229296747893266673,354051939
-4229296747893266673,910703514
-4229296747893266672,910703514
-4229296747893266672,354051939
-4229296747893266672,354051939
-4229296747893266671,346771110
-4229296747893266671,346771110
-4229296747893266671,354051939
-4229296747893266670,58710774
-4229296747893266669,354051939
-4229296747893266669,58710774
-4229296747893266668,58710774
-4229296747893266668,58710774
-4229296747893266668,354051939
-4229296747893266667,346771110
-4229296747893266667,910703514
-4229296747893266667,346771110
-4229296747893266666,58710774
-4229296747893266665,910703514
-4229296747893266664,58710774
-4229296747893266664,58710774
-4229296747893266663,1674067374
-4229296747893266663,58710774
-4229296747893266663,354051939
-4229296747893266662,354051939
-4229296747893266662,346771110
-4229296747893266661,1674067374
-4229296747893266660,58710774
-4229296747893266659,346771110
-4229296747893266659,354051939
-4229296747893266659,346771110
-4229296747893266658,58710774
-4229296747893266658,910703514
-4229296747893266657,354051939
-4229296747893266657,1674067374
-4229296747893266657,346771110
-4229296747893266656,354051939
-4229296747893266656,910703514
-4229296747893266656,346771110
-4229296747893266655,910703514
-4229296747893266655,1674067374
-4229296747893266654,346771110
-4229296747893266654,58710774
-4229296747893266654,910703514
-4229296747893266654,910703514
-4229296747893266653,346771110
-4229296747893266653,910703514
-4229296747893266653,346771110
-4229296747893266652,910703514
-4229296747893266651,346771110
-4229296747893266651,346771110
-4229296747893266650,354051939
-4229296747893266649,910703514
-4229296747893266649,354051939
-4229296747893266649,1674067374
-4229296747893266648,58710774
-4229296747893266648,346771110
-4229296747893266647,58710774
-4229296747893266646,354051939
-4229296747893266646,354051939
-4229296747893266645,58710774
-4229296747893266645,1674067374
-4229296747893266644,346771110
-4229296747893266643,58710774
-4229296747893266642,346771110
-4229296747893266642,354051939
-4229296747893266641,910703514
-4229296747893266641,910703514
-4229296747893266641,346771110
-4229296747893266640,354051939
-4229296747893266640,354051939
-4229296747893266640,1674067374
-4229296747893266639,346771110
-4229296747893266639,910703514
-4229296747893266639,910703514
-4229296747893266639,58710774
-4229296747893266638,58710774
-4229296747893266638,58710774
-4229296747893266637,354051939
-4229296747893266637,1674067374
-4229296747893266636,354051939
-4229296747893266635,58710774
-4229296747893266635,58710774
-4229296747893266634,354051939
-4229296747893266634,354051939
-4229296747893266633,1674067374
-4229296747893266633,910703514
-4229296747893266632,58710774
-4229296747893266631,354051939
-4229296747893266631,58710774
-4229296747893266630,58710774
-4229296747893266630,354051939
-4229296747893266630,1674067374
-4229296747893266630,58710774
-4229296747893266629,346771110
-4229296747893266629,354051939
-4229296747893266629,1674067374
-4229296747893266628,346771110
-4229296747893266628,1674067374
-4229296747893266628,58710774
-4229296747893266627,910703514
-4229296747893266626,1674067374
-4229296747893266626,346771110
-4229296747893266625,58710774
-4229296747893266625,346771110
-4229296747893266625,354051939
-4229296747893266624,58710774
-4229296747893266624,1674067374
-4229296747893266624,354051939
-4229296747893266623,1674067374
-4229296747893266623,910703514
-4229296747893266623,346771110
-4229296747893266622,910703514
-4229296747893266622,1674067374
-4229296747893266622,910703514
-4229296747893266622,354051939
-4229296747893266621,58710774
-4229296747893266621,346771110
-4229296747893266621,354051939
-4229296747893266621,58710774
-4229296747893266620,354051939
-4229296747893266620,1674067374
-4229296747893266619,910703514
-4229296747893266619,346771110
-4229296747893266618,346771110
-4229296747893266618,1674067374
-4229296747893266617,354051939
-4229296747893266617,58710774
-4229296747893266617,346771110
-4229296747893266617,910703514
-4229296747893266616,354051939
-4229296747893266616,58710774
-4229296747893266615,58710774
-4229296747893266615,354051939
-4229296747893266615,346771110
-4229296747893266614,1674067374
-4229296747893266614,910703514
-4229296747893266614,58710774
-4229296747893266614,1674067374
-4229296747893266613,910703514
-4229296747893266613,354051939
-4229296747893266612,58710774
-4229296747893266611,346771110
-4229296747893266611,346771110
-4229296747893266610,346771110
-4229296747893266610,1674067374
-4229296747893266610,910703514
-4229296747893266609,346771110
-4229296747893266609,1674067374
-4229296747893266608,354051939
-4229296747893266608,354051939
-4229296747893266607,58710774
-4229296747893266607,354051939
-4229296747893266607,354051939
-4229296747893266607,346771110
-4229296747893266606,354051939
-4229296747893266606,354051939
-4229296747893266605,354051939
-4229296747893266605,346771110
-4229296747893266604,910703514
-4229296747893266603,1674067374
-4229296747893266603,1674067374
-4229296747893266602,910703514
-4229296747893266602,1674067374
-4229296747893266601,354051939
-4229296747893266600,354051939
-4229296747893266600,346771110
-4229296747893266600,354051939
-4229296747893266599,346771110
-4229296747893266599,910703514
-4229296747893266599,346771110
-4229296747893266598,354051939
-4229296747893266598,58710774
-4229296747893266597,346771110
-4229296747893266596,1674067374
-4229296747893266595,910703514
-4229296747893266595,346771110
-4229296747893266595,354051939
-4229296747893266594,1674067374
-4229296747893266594,354051939
-4229296747893266593,910703514
-4229296747893266593,346771110
-4229296747893266593,1674067374
-4229296747893266592,58710774
-4229296747893266592,1674067374
-4229296747893266591,910703514
-4229296747893266590,58710774
-4229296747893266590,910703514
-4229296747893266590,354051939
-4229296747893266589,58710774
-4229296747893266589,354051939
-4229296747893266588,910703514
-4229296747893266588,354051939
-4229296747893266588,346771110
-4229296747893266588,354051939
-4229296747893266587,354051939
-4229296747893266587,354051939
-4229296747893266587,346771110
-4229296747893266586,1674067374
-4229296747893266586,354051939
-4229296747893266585,346771110
-4229296747893266585,354051939
-4229296747893266584,1674067374
-4229296747893266584,910703514
-4229296747893266583,1674067374
-4229296747893266583,910703514
-4229296747893266583,910703514
-4229296747893266582,354051939
-4229296747893266582,346771110
-4229296747893266582,58710774
-4229296747893266581,346771110
-4229296747893266580,346771110
-4229296747893266580,58710774
-4229296747893266579,1674067374
-4229296747893266579,354051939
-4229296747893266579,910703514
-4229296747893266578,910703514
-4229296747893266578,346771110
-4229296747893266577,346771110
-4229296747893266577,354051939
-4229296747893266576,346771110
-4229296747893266576,58710774
-4229296747893266576,910703514
-4229296747893266576,58710774
-4229296747893266575,910703514
-4229296747893266574,910703514
-4229296747893266573,58710774
-4229296747893266573,354051939
-4229296747893266573,910703514
-4229296747893266572,58710774
-4229296747893266572,910703514
-4229296747893266572,58710774
-4229296747893266571,346771110
-4229296747893266571,346771110
-4229296747893266571,58710774
-4229296747893266570,1674067374
-4229296747893266570,1674067374
-4229296747893266570,58710774
-4229296747893266569,354051939
-4229296747893266568,354051939
-4229296747893266568,346771110
-4229296747893266567,354051939
-4229296747893266567,1674067374
-4229296747893266566,58710774
-4229296747893266565,1674067374
-4229296747893266564,910703514
-4229296747893266563,910703514
-4229296747893266563,354051939
-4229296747893266562,354051939
-4229296747893266562,346771110
-4229296747893266562,1674067374
-4229296747893266561,1674067374
-4229296747893266560,910703514
-4229296747893266560,1674067374
-4229296747893266559,58710774
-4229296747893266559,910703514
-4229296747893266558,58710774
-4229296747893266558,910703514
-4229296747893266558,910703514
-4229296747893266557,58710774
-4229296747893266556,58710774
-4229296747893266556,354051939
-4229296747893266555,1674067374
-4229296747893266555,354051939
-4229296747893266554,910703514
-4229296747893266554,910703514
-4229296747893266553,1674067374
-4229296747893266553,58710774
-4229296747893266552,58710774
-4229296747893266552,354051939
-4229296747893266552,910703514
-4229296747893266552,346771110
-4229296747893266551,354051939
-4229296747893266551,910703514
-4229296747893266551,1674067374
-4229296747893266551,910703514
-4229296747893266550,1674067374
-4229296747893266550,346771110
-4229296747893266549,1674067374
-4229296747893266548,910703514
-4229296747893266548,58710774
-4229296747893266548,1674067374
-4229296747893266547,58710774
-4229296747893266547,354051939
-4229296747893266547,346771110
-4229296747893266546,910703514
-4229296747893266546,346771110
-4229296747893266545,346771110
-4229296747893266545,1674067374
-4229296747893266545,354051939
-4229296747893266544,910703514
-4229296747893266543,910703514
-4229296747893266543,346771110
-4229296747893266543,58710774
-4229296747893266542,1674067374
-4229296747893266542,346771110
-4229296747893266541,354051939
-4229296747893266541,58710774
-4229296747893266541,910703514
-4229296747893266540,346771110
-4229296747893266540,910703514
-4229296747893266540,346771110
-4229296747893266540,58710774
-4229296747893266539,346771110
-4229296747893266538,58710774
-4229296747893266537,58710774
-4229296747893266537,58710774
-4229296747893266537,1674067374
-4229296747893266536,58710774
-4229296747893266536,910703514
-4229296747893266536,910703514
-4229296747893266536,346771110
-4229296747893266535,354051939
-4229296747893266535,354051939
-4229296747893266534,910703514
-4229296747893266534,58710774
-4229296747893266533,58710774
-4229296747893266532,346771110
-4229296747893266532,910703514
-4229296747893266531,58710774
-4229296747893266531,346771110
-4229296747893266531,910703514
-4229296747893266530,1674067374
-4229296747893266530,346771110
-4229296747893266529,346771110
-4229296747893266529,910703514
-4229296747893266528,354051939
-4229296747893266528,354051939
-4229296747893266528,346771110
-4229296747893266528,1674067374
-4229296747893266527,346771110
-4229296747893266527,1674067374
-4229296747893266527,58710774
-4229296747893266527,346771110
-4229296747893266526,910703514
-4229296747893266526,346771110
-4229296747893266526,1674067374
-4229296747893266525,346771110
-4229296747893266525,58710774
-4229296747893266525,1674067374
-4229296747893266524,346771110
-4229296747893266524,354051939
-4229296747893266523,354051939
-4229296747893266522,346771110
-4229296747893266522,354051939
-4229296747893266521,1674067374
-4229296747893266521,354051939
-4229296747893266520,354051939
-4229296747893266520,354051939
-4229296747893266519,346771110
-4229296747893266519,354051939
-4229296747893266519,354051939
-4229296747893266518,354051939
-4229296747893266518,1674067374
-4229296747893266518,58710774
-4229296747893266517,346771110
-4229296747893266517,58710774
-4229296747893266517,58710774
-4229296747893266516,58710774
-4229296747893266516,910703514
-4229296747893266516,58710774
-4229296747893266515,1674067374
-4229296747893266515,58710774
-4229296747893266515,910703514
-4229296747893266514,910703514
-4229296747893266514,346771110
-4229296747893266513,58710774
-4229296747893266513,354051939
-4229296747893266513,58710774
-4229296747893266512,58710774
-4229296747893266512,354051939
-4229296747893266512,58710774
-4229296747893266512,354051939
-4229296747893266511,1674067374
-4229296747893266511,346771110
-4229296747893266510,354051939
-4229296747893266510,354051939
-4229296747893266509,346771110
-4229296747893266509,910703514
-4229296747893266509,346771110
-4229296747893266508,58710774
-4229296747893266507,346771110
-4229296747893266507,354051939
-4229296747893266506,910703514
-4229296747893266506,346771110
-4229296747893266505,58710774
-4229296747893266505,58710774
-4229296747893266504,1674067374
-4229296747893266504,354051939
-4229296747893266504,354051939
-4229296747893266503,910703514
-4229296747893266503,346771110
-4229296747893266502,346771110
-4229296747893266501,346771110
-4229296747893266501,58710774
-4229296747893266500,354051939
-4229296747893266500,1674067374
-4229296747893266499,58710774
-4229296747893266499,58710774
-4229296747893266499,58710774
-4229296747893266499,910703514
-4229296747893266498,1674067374
-4229296747893266498,1674067374
-4229296747893266497,58710774
-4229296747893266496,58710774
-4229296747893266496,1674067374
-4229296747893266496,1674067374
-4229296747893266495,910703514
-4229296747893266494,58710774
-4229296747893266494,354051939
-4229296747893266494,1674067374
-4229296747893266493,910703514
-4229296747893266493,910703514
-4229296747893266493,1674067374
-4229296747893266492,910703514
-4229296747893266491,346771110
-4229296747893266491,910703514
-4229296747893266490,1674067374
-4229296747893266490,346771110
-4229296747893266489,346771110
-4229296747893266489,910703514
-4229296747893266489,910703514
-4229296747893266489,346771110
-4229296747893266488,58710774
-4229296747893266488,910703514
-4229296747893266487,354051939
-4229296747893266487,346771110
-4229296747893266486,346771110
-4229296747893266485,354051939
-4229296747893266485,346771110
-4229296747893266484,354051939
-4229296747893266484,1674067374
-4229296747893266484,346771110
-4229296747893266483,910703514
-4229296747893266483,58710774
-4229296747893266482,58710774
-4229296747893266482,910703514
-4229296747893266482,354051939
-4229296747893266481,354051939
-4229296747893266481,58710774
-4229296747893266481,354051939
-4229296747893266480,354051939
-4229296747893266479,910703514
-4229296747893266479,910703514
-4229296747893266479,910703514
-4229296747893266479,346771110
-4229296747893266478,346771110
-4229296747893266478,1674067374
-4229296747893266478,58710774
-4229296747893266477,354051939
-4229296747893266476,1674067374
-4229296747893266475,58710774
-4229296747893266475,910703514
-4229296747893266475,346771110
-4229296747893266474,910703514
-4229296747893266473,354051939
-4229296747893266473,910703514
-4229296747893266472,58710774
-4229296747893266471,354051939
-4229296747893266471,910703514
-4229296747893266471,346771110
-4229296747893266470,58710774
-4229296747893266470,354051939
-4229296747893266470,346771110
-4229296747893266469,354051939
-4229296747893266469,354051939
-4229296747893266468,1674067374
-4229296747893266467,354051939
-4229296747893266466,346771110
-4229296747893266465,58710774
-4229296747893266465,354051939
-4229296747893266464,58710774
-4229296747893266464,910703514
-4229296747893266464,346771110
-4229296747893266463,58710774
-4229296747893266462,1674067374
-4229296747893266462,346771110
-4229296747893266461,346771110
-4229296747893266461,354051939
-4229296747893266460,58710774
-4229296747893266459,58710774
-4229296747893266459,346771110
-4229296747893266458,346771110
-4229296747893266458,346771110
-4229296747893266457,910703514
-4229296747893266457,346771110
-4229296747893266456,58710774
-4229296747893266456,346771110
-4229296747893266456,354051939
-4229296747893266455,58710774
-4229296747893266454,910703514
-4229296747893266454,354051939
-4229296747893266454,58710774
-4229296747893266453,354051939
-4229296747893266453,346771110
-4229296747893266452,1674067374
-4229296747893266452,1674067374
-4229296747893266451,1674067374
-4229296747893266451,910703514
-4229296747893266451,910703514
-4229296747893266450,354051939
-4229296747893266450,1674067374
-4229296747893266449,58710774
-4229296747893266448,354051939
-4229296747893266448,346771110
-4229296747893266448,910703514
-4229296747893266447,58710774
-4229296747893266447,58710774
-4229296747893266446,346771110
-4229296747893266446,354051939
-4229296747893266445,346771110
-4229296747893266444,910703514
-4229296747893266444,1674067374
-4229296747893266444,1674067374
-4229296747893266443,354051939
-4229296747893266443,354051939
-4229296747893266442,1674067374
-4229296747893266441,346771110
-4229296747893266441,58710774
-4229296747893266440,1674067374
-4229296747893266439,354051939
-4229296747893266438,346771110
-4229296747893266438,1674067374
-4229296747893266438,58710774
-4229296747893266437,354051939
-4229296747893266437,346771110
-4229296747893266437,58710774
-4229296747893266436,1674067374
-4229296747893266435,1674067374
-4229296747893266435,354051939
-4229296747893266435,58710774
-4229296747893266434,346771110
-4229296747893266434,354051939
-4229296747893266434,910703514
-4229296747893266433,910703514
-4229296747893266433,910703514
-4229296747893266432,58710774
-4229296747893266432,346771110
-4229296747893266432,58710774
-4229296747893266432,354051939
-4229296747893266431,58710774
-4229296747893266430,910703514
-4229296747893266429,58710774
-4229296747893266429,346771110
-4229296747893266428,1674067374
-4229296747893266428,910703514
-4229296747893266428,354051939
-4229296747893266428,1674067374
-4229296747893266427,346771110
-4229296747893266427,346771110
-4229296747893266426,346771110
-4229296747893266426,346771110
-4229296747893266425,346771110
-4229296747893266425,354051939
-4229296747893266425,1674067374
-4229296747893266425,910703514
-4229296747893266424,346771110
-4229296747893266424,354051939
-4229296747893266423,1674067374
-4229296747893266422,354051939
-4229296747893266421,58710774
-4229296747893266420,1674067374
-4229296747893266420,1674067374
-4229296747893266420,346771110
-4229296747893266419,58710774
-4229296747893266419,354051939
-4229296747893266419,58710774
-4229296747893266419,910703514
-4229296747893266418,346771110
-4229296747893266418,1674067374
-4229296747893266417,1674067374
-4229296747893266417,1674067374
-4229296747893266416,1674067374
-4229296747893266416,58710774
-4229296747893266415,346771110
-4229296747893266414,910703514
-4229296747893266414,354051939
-4229296747893266414,354051939
-4229296747893266413,346771110
-4229296747893266413,1674067374
-4229296747893266412,58710774
-4229296747893266412,346771110
-4229296747893266411,346771110
-4229296747893266411,354051939
-4229296747893266411,910703514
-4229296747893266410,58710774
-4229296747893266410,354051939
-4229296747893266409,354051939
-4229296747893266408,58710774
-4229296747893266408,1674067374
-4229296747893266408,346771110
-4229296747893266407,346771110
-4229296747893266407,1674067374
-4229296747893266407,1674067374
-4229296747893266406,346771110
-4229296747893266405,1674067374
-4229296747893266405,910703514
-4229296747893266405,1674067374
-4229296747893266405,354051939
-4229296747893266404,1674067374
-4229296747893266404,354051939
-4229296747893266403,354051939
-4229296747893266403,354051939
-4229296747893266402,1674067374
-4229296747893266401,910703514
-4229296747893266401,1674067374
-4229296747893266401,346771110
-4229296747893266400,346771110
-4229296747893266400,1674067374
-4229296747893266399,346771110
-4229296747893266399,346771110
-4229296747893266398,354051939
-4229296747893266398,354051939
-4229296747893266397,58710774
-4229296747893266397,910703514
-4229296747893266396,1674067374
-4229296747893266395,346771110
-4229296747893266395,910703514
-4229296747893266395,1674067374
-4229296747893266394,58710774
-4229296747893266393,910703514
-4229296747893266393,910703514
-4229296747893266392,1674067374
-4229296747893266391,1674067374
-4229296747893266390,346771110
-4229296747893266390,1674067374
-4229296747893266389,910703514
-4229296747893266389,58710774
-4229296747893266389,346771110
-4229296747893266388,346771110
-4229296747893266388,910703514
-4229296747893266388,58710774
-4229296747893266387,1674067374
-4229296747893266387,910703514
-4229296747893266387,354051939
-4229296747893266386,1674067374
-4229296747893266386,910703514
-4229296747893266386,346771110
-4229296747893266385,58710774
-4229296747893266384,1674067374
-4229296747893266384,58710774
-4229296747893266383,58710774
-4229296747893266383,910703514
-4229296747893266382,58710774
-4229296747893266382,346771110
-4229296747893266381,1674067374
-4229296747893266381,354051939
-4229296747893266380,354051939
-4229296747893266380,1674067374
-4229296747893266380,1674067374
-4229296747893266379,346771110
-4229296747893266379,910703514
-4229296747893266378,58710774
-4229296747893266378,354051939
-4229296747893266378,58710774
-4229296747893266377,910703514
-4229296747893266377,346771110
-4229296747893266376,354051939
-4229296747893266375,346771110
-4229296747893266375,1674067374
-4229296747893266375,910703514
-4229296747893266375,1674067374
-4229296747893266374,1674067374
-4229296747893266374,910703514
-4229296747893266373,354051939
-4229296747893266373,1674067374
-4229296747893266373,910703514
-4229296747893266372,1674067374
-4229296747893266372,346771110
-4229296747893266371,58710774
-4229296747893266371,354051939
-4229296747893266371,1674067374
-4229296747893266371,910703514
-4229296747893266370,58710774
-4229296747893266370,346771110
-4229296747893266370,354051939
-4229296747893266370,1674067374
-4229296747893266369,910703514
-4229296747893266368,58710774
-4229296747893266368,58710774
-4229296747893266368,354051939
-4229296747893266367,1674067374
-4229296747893266367,354051939
-4229296747893266367,346771110
-4229296747893266367,346771110
-4229296747893266366,910703514
-4229296747893266366,346771110
-4229296747893266365,1674067374
-4229296747893266365,910703514
-4229296747893266364,354051939
-4229296747893266364,58710774
-4229296747893266364,58710774
-4229296747893266363,58710774
-4229296747893266363,1674067374
-4229296747893266362,354051939
-4229296747893266362,354051939
-4229296747893266361,58710774
-4229296747893266361,58710774
-4229296747893266360,346771110
-4229296747893266360,58710774
-4229296747893266359,354051939
-4229296747893266358,1674067374
-4229296747893266358,354051939
-4229296747893266357,1674067374
-4229296747893266356,910703514
-4229296747893266356,354051939
-4229296747893266355,346771110
-4229296747893266355,346771110
-4229296747893266355,1674067374
-4229296747893266354,1674067374
-4229296747893266353,1674067374
-4229296747893266353,354051939
-4229296747893266352,1674067374
-4229296747893266352,1674067374
-4229296747893266351,354051939
-4229296747893266350,1674067374
-4229296747893266350,354051939
-4229296747893266350,910703514
-4229296747893266349,58710774
-4229296747893266349,58710774
-4229296747893266348,346771110
-4229296747893266348,910703514
-4229296747893266347,354051939
-4229296747893266347,58710774
-4229296747893266347,346771110
-4229296747893266347,58710774
-4229296747893266346,346771110
-4229296747893266345,346771110
-4229296747893266345,1674067374
-4229296747893266344,354051939
-4229296747893266343,354051939
-4229296747893266343,354051939
-4229296747893266343,1674067374
-4229296747893266342,910703514
-4229296747893266342,910703514
-4229296747893266342,354051939
-4229296747893266341,58710774
-4229296747893266340,1674067374
-4229296747893266340,910703514
-4229296747893266339,1674067374
-4229296747893266339,354051939
-4229296747893266339,346771110
-4229296747893266338,58710774
-4229296747893266338,58710774
-4229296747893266337,346771110
-4229296747893266337,354051939
-4229296747893266337,910703514
-4229296747893266336,910703514
-4229296747893266336,346771110
-4229296747893266335,1674067374
-4229296747893266335,58710774
-4229296747893266335,910703514
-4229296747893266335,910703514
-4229296747893266334,1674067374
-4229296747893266334,354051939
-4229296747893266333,354051939
-4229296747893266333,910703514
-4229296747893266332,910703514
-4229296747893266332,354051939
-4229296747893266332,910703514
-4229296747893266331,58710774
-4229296747893266331,346771110
-4229296747893266331,58710774
-4229296747893266331,346771110
-4229296747893266330,1674067374
-4229296747893266329,1674067374
-4229296747893266329,910703514
-4229296747893266329,1674067374
-4229296747893266328,1674067374
-4229296747893266328,910703514
-4229296747893266327,1674067374
-4229296747893266327,58710774
-4229296747893266326,354051939
-4229296747893266326,910703514
-4229296747893266325,354051939
-4229296747893266325,1674067374
-4229296747893266324,910703514
-4229296747893266324,1674067374
-4229296747893266324,910703514
-4229296747893266324,346771110
-4229296747893266323,1674067374
-4229296747893266323,354051939
-4229296747893266322,346771110
-4229296747893266322,1674067374
-4229296747893266321,1674067374
-4229296747893266321,58710774
-4229296747893266321,58710774
-4229296747893266320,1674067374
-4229296747893266319,58710774
-4229296747893266319,58710774
-4229296747893266319,910703514
-4229296747893266318,1674067374
-4229296747893266317,1674067374
-4229296747893266317,346771110
-4229296747893266317,354051939
-4229296747893266317,58710774
-4229296747893266316,346771110
-4229296747893266316,354051939
-4229296747893266316,346771110
-4229296747893266316,354051939
-4229296747893266315,910703514
-4229296747893266315,1674067374
-4229296747893266314,354051939
-4229296747893266314,58710774
-4229296747893266314,354051939
-4229296747893266313,58710774
-4229296747893266313,910703514
-4229296747893266313,58710774
-4229296747893266312,346771110
-4229296747893266312,910703514
-4229296747893266311,354051939
-4229296747893266311,1674067374
-4229296747893266310,910703514
-4229296747893266310,910703514
-4229296747893266309,346771110
-4229296747893266309,354051939
-4229296747893266309,58710774
-4229296747893266308,1674067374
-4229296747893266307,58710774
-4229296747893266307,58710774
-4229296747893266306,58710774
-4229296747893266306,346771110
-4229296747893266306,354051939
-4229296747893266305,58710774
-4229296747893266305,58710774
-4229296747893266305,346771110
-4229296747893266304,910703514
-4229296747893266304,346771110
-4229296747893266304,346771110
-4229296747893266303,58710774
-4229296747893266303,354051939
-4229296747893266302,354051939
-4229296747893266301,346771110
-4229296747893266301,910703514
-4229296747893266300,354051939
-4229296747893266300,910703514
-4229296747893266300,354051939
-4229296747893266299,1674067374
-4229296747893266298,910703514
-4229296747893266298,346771110
-4229296747893266298,910703514
-4229296747893266297,346771110
-4229296747893266297,910703514
-4229296747893266297,58710774
-4229296747893266296,346771110
-4229296747893266295,1674067374
-4229296747893266295,910703514
-4229296747893266295,346771110
-4229296747893266295,346771110
-4229296747893266294,1674067374
-4229296747893266293,1674067374
-4229296747893266292,58710774
-4229296747893266292,910703514
-4229296747893266291,910703514
-4229296747893266290,354051939
-4229296747893266290,354051939
-4229296747893266289,1674067374
-4229296747893266288,346771110
-4229296747893266287,354051939
-4229296747893266287,910703514
-4229296747893266286,1674067374
-4229296747893266286,354051939
-4229296747893266285,910703514
-4229296747893266285,354051939
-4229296747893266284,1674067374
-4229296747893266284,354051939
-4229296747893266284,910703514
-4229296747893266283,58710774
-4229296747893266283,58710774
-4229296747893266283,346771110
-4229296747893266282,354051939
-4229296747893266282,346771110
-4229296747893266281,58710774
-4229296747893266281,346771110
-4229296747893266280,1674067374
-4229296747893266280,910703514
-4229296747893266279,1674067374
-4229296747893266279,346771110
-4229296747893266279,58710774
-4229296747893266278,910703514
-4229296747893266278,58710774
-4229296747893266277,354051939
-4229296747893266277,354051939
-4229296747893266276,1674067374
-4229296747893266276,910703514
-4229296747893266276,354051939
-4229296747893266275,58710774
-4229296747893266275,346771110
-4229296747893266275,1674067374
-4229296747893266274,1674067374
-4229296747893266273,354051939
-4229296747893266272,346771110
-4229296747893266272,346771110
-4229296747893266272,354051939
-4229296747893266271,354051939
-4229296747893266271,910703514
-4229296747893266270,1674067374
-4229296747893266270,354051939
-4229296747893266269,354051939
-4229296747893266269,346771110
-4229296747893266268,346771110
-4229296747893266268,346771110
-4229296747893266268,1674067374
-4229296747893266267,1674067374
-4229296747893266267,1674067374
-4229296747893266267,1674067374
-4229296747893266266,1674067374
-4229296747893266265,354051939
-4229296747893266265,346771110
-4229296747893266265,910703514
-4229296747893266264,1674067374
-4229296747893266263,910703514
-4229296747893266263,346771110
-4229296747893266263,910703514
-4229296747893266262,346771110
-4229296747893266262,910703514
-4229296747893266262,1674067374
-4229296747893266261,58710774
-4229296747893266260,910703514
-4229296747893266259,910703514
-4229296747893266259,910703514
-4229296747893266259,58710774
-4229296747893266258,354051939
-4229296747893266258,1674067374
-4229296747893266258,58710774
-4229296747893266257,910703514
-4229296747893266257,346771110
-4229296747893266257,58710774
-4229296747893266257,910703514
-4229296747893266256,354051939
-4229296747893266256,346771110
-4229296747893266255,1674067374
-4229296747893266255,1674067374
-4229296747893266254,910703514
-4229296747893266254,58710774
-4229296747893266253,354051939
-4229296747893266253,58710774
-4229296747893266253,1674067374
-4229296747893266252,1674067374
-4229296747893266252,346771110
-4229296747893266252,910703514
-4229296747893266251,346771110
-4229296747893266251,354051939
-4229296747893266250,58710774
-4229296747893266250,58710774
-4229296747893266249,354051939
-4229296747893266249,58710774
-4229296747893266248,1674067374
-4229296747893266248,58710774
-4229296747893266247,346771110
-4229296747893266247,58710774
-4229296747893266246,346771110
-4229296747893266246,58710774
-4229296747893266246,58710774
-4229296747893266246,346771110
-4229296747893266245,910703514
-4229296747893266245,910703514
-4229296747893266245,354051939
-4229296747893266244,1674067374
-4229296747893266244,58710774
-4229296747893266244,58710774
-4229296747893266243,354051939
-4229296747893266242,354051939
-4229296747893266242,1674067374
-4229296747893266241,910703514
-4229296747893266241,346771110
-4229296747893266241,1674067374
-4229296747893266240,58710774
-4229296747893266240,910703514
-4229296747893266240,58710774
-4229296747893266239,910703514
-4229296747893266239,354051939
-4229296747893266239,1674067374
-4229296747893266238,346771110
-4229296747893266237,910703514
-4229296747893266237,58710774
