1079945951,-4229296747893263362,417149579,-1929851588
1079945951,-4229296747893263361,-75485137,-245904135
1079945951,-4229296747893263360,-1939497655,-1929851588
1079945951,-4229296747893263359,134714767,-1779456038
1079945951,-4229296747893263358,-14425713,173819031
1079945951,-4229296747893263357,-1332644821,-1929851588
1079945951,-4229296747893263356,-1898242652,173819031
1079945951,-4229296747893263355,575723797,-245904135
1079945951,-4229296747893263354,-2002272803,190496320
1079945951,-4229296747893263353,330430178,173819031
1079945951,-4229296747893263352,-465332667,141089701
1079945951,-4229296747893263351,-1163768688,-1779456038
1079945951,-4229296747893263350,1501077128,-1929851588
1079945951,-4229296747893263349,147611512,1792932087
1079945951,-4229296747893263348,-1630850067,190496320
1079945951,-4229296747893263347,29411034,1007727703
1079945951,-4229296747893263346,1964030044,1007727703
1079945951,-4229296747893263345,1820905515,1792932087
1079945951,-4229296747893263344,77614034,173819031
1079945951,-4229296747893263343,-1040435151,1792932087
1079945951,-4229296747893263342,1865624488,1792932087
1079945951,-4229296747893263341,1515759871,190496320
1079945951,-4229296747893263340,1505660625,-1929851588
1079945951,-4229296747893263339,1280711220,-1779456038
1079945951,-4229296747893263338,-1904551399,-245904135
1079945951,-4229296747893263337,479769384,-245904135
1079945951,-4229296747893263336,-829967061,141089701
1079945951,-4229296747893263335,274003851,190496320
1079945951,-4229296747893263334,657878648,-1929851588
1079945951,-4229296747893263333,1739183448,-245904135
1079945951,-4229296747893263332,871200036,1792932087
1079945951,-4229296747893263331,1838090860,-245904135
1079945951,-4229296747893263330,2028652608,173819031
1079945951,-4229296747893263329,2075857703,190496320
1079945951,-4229296747893263328,1229762138,-245904135
1079945951,-4229296747893263327,173049612,-1779456038
1079945951,-4229296747893263326,2089047918,-1929851588
1079945951,-4229296747893263325,1493946967,-1929851588
1079945951,-4229296747893263324,156055878,-1779456038
1079945951,-4229296747893263323,-2073813327,1007727703
1079945951,-4229296747893263322,289174912,-245904135
1079945951,-4229296747893263321,-1705970576,1007727703
1079945951,-4229296747893263320,126981125,-1929851588
1079945951,-4229296747893263319,-286854587,173819031
1079945951,-4229296747893263318,1041017961,-1929851588
1079945951,-4229296747893263317,81396411,1007727703
1079945951,-4229296747893263316,1167645597,141089701
1079945951,-4229296747893263315,-1381129234,-245904135
1079945951,-4229296747893263314,-1379168109,173819031
1079945951,-4229296747893263313,-1033025894,173819031
1079945951,-4229296747893263312,1632483392,-245904135
1079945951,-4229296747893263311,1090725524,-245904135
1079945951,-4229296747893263310,222542913,190496320
1079945951,-4229296747893263309,845990777,173819031
1079945951,-4229296747893263308,1200429999,1007727703
1079945951,-4229296747893263307,1509705067,-245904135
1079945951,-4229296747893263306,-550061698,1792932087
1079945951,-4229296747893263305,-41917821,173819031
1079945951,-4229296747893263304,-1139770778,141089701
1079945951,-4229296747893263303,627269662,-1951146963
1079945951,-4229296747893263302,-1819374703,141089701
1079945951,-4229296747893263301,-271118164,-1779456038
1079945951,-4229296747893263300,-1788120360,-1951146963
1079945951,-4229296747893263299,1620433265,-1951146963
1079945951,-4229296747893263298,-2081545115,-1951146963
1079945951,-4229296747893263297,1984680867,173819031
1079945951,-4229296747893263296,29411034,-245904135
1079945951,-4229296747893263295,-1759565826,1792932087
1079945951,-4229296747893263294,-2123019870,1007727703
1079945951,-4229296747893263293,-1729637901,-245904135
1079945951,-4229296747893263292,-1558109931,190496320
1079945951,-4229296747893263291,-277619937,-1779456038
1079945951,-4229296747893263290,-144450791,141089701
1079945951,-4229296747893263289,4394991,141089701
1079945951,-4229296747893263288,555673670,-1779456038
1079945951,-4229296747893263287,-727717903,-1951146963
1079945951,-4229296747893263286,189900406,-245904135
1079945951,-4229296747893263285,49569221,173819031
1079945951,-4229296747893263284,-1466231469,141089701
1079945951,-4229296747893263283,1838090860,190496320
1079945951,-4229296747893263282,-1942770825,-1951146963
1079945951,-4229296747893263281,-586795656,1792932087
1079945951,-4229296747893263280,2139997663,-1951146963
1079945951,-4229296747893263279,-705746904,173819031
1079945951,-4229296747893263278,135231988,1792932087
1079945951,-4229296747893263277,698621687,141089701
1079945951,-4229296747893263276,1436195671,141089701
1079945951,-4229296747893263275,526004000,-1951146963
1079945951,-4229296747893263274,-790613074,-1779456038
1079945951,-4229296747893263273,-1649322481,1007727703
1079945951,-4229296747893263272,1325825331,141089701
1079945951,-4229296747893263271,2145737691,1792932087
1079945951,-4229296747893263270,19643826,-1779456038
1079945951,-4229296747893263269,-1810333626,190496320
1079945951,-4229296747893263268,134713234,1792932087
1079945951,-4229296747893263267,-1904114285,1007727703
1079945951,-4229296747893263266,-1534603615,190496320
1079945951,-4229296747893263265,1320979015,190496320
1079945951,-4229296747893263264,1616076840,190496320
1079945951,-4229296747893263263,-74948920,1007727703
1079945951,-4229296747893263262,-1055246641,141089701
1079945951,-4229296747893263261,608174556,173819031
1079945951,-4229296747893263260,-2023764022,1007727703
1079945951,-4229296747893263259,-374075931,-1779456038
1079945951,-4229296747893263258,243992553,135511660
1079945951,-4229296747893263257,-191198272,-1951146963
1079945951,-4229296747893263256,1109390463,1792932087
1079945951,-4229296747893263255,1897826869,141089701
1079945951,-4229296747893263254,-2068247107,141089701
1079945951,-4229296747893263253,895024775,1792932087
1079945951,-4229296747893263252,-2075949757,-1779456038
1079945951,-4229296747893263251,225466615,-1951146963
1079945951,-4229296747893263250,-1182575073,-1779456038
1079945951,-4229296747893263249,1003727736,141089701
1079945951,-4229296747893263248,551895089,173819031
1079945951,-4229296747893263247,128324284,-1951146963
1079945951,-4229296747893263246,1169060329,190496320
1079945951,-4229296747893263245,-1363337016,-1779456038
1079945951,-4229296747893263244,-1220718597,-1779456038
1079945951,-4229296747893263243,1998112343,190496320
1079945951,-4229296747893263242,982038132,173819031
1079945951,-4229296747893263241,238532478,1792932087
1079945951,-4229296747893263240,76659159,-1951146963
1079945951,-4229296747893263239,-1375745241,1792932087
1079945951,-4229296747893263238,-1771988911,173819031
1079945951,-4229296747893263237,-1823379121,1007727703
1079945951,-4229296747893263236,-998642012,-1779456038
1079945951,-4229296747893263235,278553565,1792932087
1079945951,-4229296747893263234,-1921355538,135511660
1079945951,-4229296747893263233,1100638859,135511660
1079945951,-4229296747893263232,57272920,173819031
1079945951,-4229296747893263231,-146369416,-1951146963
1079945951,-4229296747893263230,-425100581,135511660
1079945951,-4229296747893263229,-1896653859,1792932087
1079945951,-4229296747893263228,282291037,173819031
1079945951,-4229296747893263227,-2073813327,-1779456038
1079945951,-4229296747893263226,1211617869,173819031
1079945951,-4229296747893263225,74921188,190496320
1079945951,-4229296747893263224,1919841534,141089701
1079945951,-4229296747893263223,-35096704,190496320
1079945951,-4229296747893263222,946806215,190496320
1079945951,-4229296747893263221,1565217649,173819031
1079945951,-4229296747893263220,1605776202,-1779456038
1079945951,-4229296747893263219,-2093093166,173819031
1079945951,-4229296747893263218,81373394,-1951146963
1079945951,-4229296747893263217,73977765,1007727703
1079945951,-4229296747893263216,-366256458,1792932087
1079945951,-4229296747893263215,-308002025,141089701
1079945951,-4229296747893263214,1689802798,-1779456038
1079945951,-4229296747893263213,-1712679205,141089701
1079945951,-4229296747893263212,-16753519,173819031
1079945951,-4229296747893263211,383558405,141089701
1079945951,-4229296747893263210,141825415,190496320
1079945951,-4229296747893263209,2104941835,141089701
1079945951,-4229296747893263208,1266598575,173819031
1079945951,-4229296747893263207,-2062826015,1792932087
1079945951,-4229296747893263206,-2014374253,141089701
1079945951,-4229296747893263205,-1943461691,1007727703
1079945951,-4229296747893263204,-1908961273,1007727703
1079945951,-4229296747893263203,-535475193,141089701
1079945951,-4229296747893263202,-2144708693,1792932087
1079945951,-4229296747893263201,-1743183758,1792932087
1079945951,-4229296747893263200,-1939834047,1007727703
1079945951,-4229296747893263199,-1823015758,173819031
1079945951,-4229296747893263198,1718823695,190496320
1079945951,-4229296747893263197,-705065510,-1951146963
1079945951,-4229296747893263196,-1303334149,1007727703
1079945951,-4229296747893263195,852331234,-1779456038
1079945951,-4229296747893263194,1148733480,-1951146963
1079945951,-4229296747893263193,-1306186030,173819031
1079945951,-4229296747893263192,-1282432047,1007727703
1079945951,-4229296747893263191,1882633264,135511660
1079945951,-4229296747893263190,984209719,135511660
1079945951,-4229296747893263189,1580647795,1792932087
1079945951,-4229296747893263188,1998000091,1792932087
1079945951,-4229296747893263187,-839400596,190496320
1079945951,-4229296747893263186,-767741242,-1779456038
1079945951,-4229296747893263185,-821594676,173819031
1079945951,-4229296747893263184,1402170277,-1779456038
1079945951,-4229296747893263183,152697512,173819031
1079945951,-4229296747893263182,60335095,-1951146963
1079945951,-4229296747893263181,1043455434,173819031
1079945951,-4229296747893263180,1838090860,135511660
1079945951,-4229296747893263179,416709124,-1779456038
1079945951,-4229296747893263178,1702443109,141089701
1079945951,-4229296747893263177,161212443,190496320
1079945951,-4229296747893263176,698621687,141089701
1079945951,-4229296747893263175,-2056189561,141089701
1079945951,-4229296747893263174,813488809,1792932087
1079945951,-4229296747893263173,-1705970576,-1951146963
1079945951,-4229296747893263172,1906326295,135511660
1079945951,-4229296747893263171,-1452510078,190496320
1079945951,-4229296747893263170,-1012004990,135511660
1079945951,-4229296747893263169,241238302,-1779456038
1079945951,-4229296747893263168,428934209,141089701
1079945951,-4229296747893263167,2080513081,-1779456038
1079945951,-4229296747893263166,148060440,-1951146963
1079945951,-4229296747893263165,37638063,190496320
1079945951,-4229296747893263164,1652119822,-1779456038
1079945951,-4229296747893263163,1980233544,-2023849584
1079945951,-4229296747893263162,372424049,-1951146963
1079945951,-4229296747893263161,-1638058713,173819031
1079945951,-4229296747893263160,1100626335,-2023849584
1079945951,-4229296747893263159,-1207934754,190496320
1079945951,-4229296747893263158,-2073667321,173819031
1079945951,-4229296747893263157,2102999245,-1951146963
1079945951,-4229296747893263156,1283041127,173819031
1079945951,-4229296747893263155,33238269,1007727703
1079945951,-4229296747893263154,-403391203,-1951146963
1079945951,-4229296747893263153,-1986911516,190496320
1079945951,-4229296747893263152,1877506465,1792932087
1079945951,-4229296747893263151,1501339185,141089701
1079945951,-4229296747893263150,-2089804596,173819031
1079945951,-4229296747893263149,1121988630,173819031
1079945951,-4229296747893263148,-936410355,141089701
1079945951,-4229296747893263147,-1943704850,141089701
1079945951,-4229296747893263146,577432342,1007727703
1079945951,-4229296747893263145,172880842,173819031
1079945951,-4229296747893263144,1524340014,-1779456038
1079945951,-4229296747893263143,-1819853959,-1951146963
1079945951,-4229296747893263142,-1249005131,1007727703
1079945951,-4229296747893263141,-2132879022,173819031
1079945951,-4229296747893263140,1982250763,190496320
1079945951,-4229296747893263139,-871577099,-1951146963
1079945951,-4229296747893263138,-1325396130,-2023849584
1079945951,-4229296747893263137,1169060329,-1951146963
1079945951,-4229296747893263136,-916248680,141089701
1079945951,-4229296747893263135,-144450791,141089701
1079945951,-4229296747893263134,-1897498585,1007727703
1079945951,-4229296747893263133,1311158916,190496320
1079945951,-4229296747893263132,351460714,1007727703
1079945951,-4229296747893263131,-2016144799,-2023849584
1079945951,-4229296747893263130,-921812361,-1951146963
1079945951,-4229296747893263129,103453901,-2023849584
1079945951,-4229296747893263128,-1466231469,190496320
1079945951,-4229296747893263127,-704810557,1792932087
1079945951,-4229296747893263126,-881982078,1792932087
1079945951,-4229296747893263125,1071778100,1792932087
1079945951,-4229296747893263124,-1821380803,173819031
1079945951,-4229296747893263123,362690468,1007727703
1079945951,-4229296747893263122,-1372181785,141089701
1079945951,-4229296747893263121,-1227488524,173819031
1079945951,-4229296747893263120,1322842824,190496320
1079945951,-4229296747893263119,-1054400459,190496320
1079945951,-4229296747893263118,-1823015757,1792932087
1079945951,-4229296747893263117,954580898,-2023849584
1079945951,-4229296747893263116,805784076,173819031
1079945951,-4229296747893263115,-1108558023,173819031
1079945951,-4229296747893263114,2108714084,-2023849584
1079945951,-4229296747893263113,402759475,-1951146963
1079945951,-4229296747893263112,209755203,-1779456038
1079945951,-4229296747893263111,2126468928,1007727703
1079945951,-4229296747893263110,-2112984448,-1951146963
1079945951,-4229296747893263109,19205794,-1951146963
1079945951,-4229296747893263108,-1249724479,173819031
1079945951,-4229296747893263107,-1547954768,141089701
1079945951,-4229296747893263106,2143600311,-1973723105
1079945951,-4229296747893263105,-687064036,1007727703
1079945951,-4229296747893263104,-1629475935,-1951146963
1079945951,-4229296747893263103,-787764971,-1951146963
1079945951,-4229296747893263102,-1219537151,-1951146963
1079945951,-4229296747893263101,1511788088,-1779456038
1079945951,-4229296747893263100,1503149128,-2023849584
1079945951,-4229296747893263099,654137157,173819031
1079945951,-4229296747893263098,88923394,-1779456038
1079945951,-4229296747893263097,2058433831,190496320
1079945951,-4229296747893263096,1982250763,-1951146963
1079945951,-4229296747893263095,1325108445,173819031
1079945951,-4229296747893263094,83412389,-1779456038
1079945951,-4229296747893263093,-1837917654,-2023849584
1079945951,-4229296747893263092,-1180972659,-1973723105
1079945951,-4229296747893263091,874542016,141089701
1079945951,-4229296747893263090,-1870893118,173819031
1079945951,-4229296747893263089,1009141407,-2023849584
1079945951,-4229296747893263088,317141188,190496320
1079945951,-4229296747893263087,-542733448,-1973723105
1079945951,-4229296747893263086,1814686172,190496320
1079945951,-4229296747893263085,-618809176,-1779456038
1079945951,-4229296747893263084,-195227453,-1779456038
1079945951,-4229296747893263083,137077773,1007727703
1079945951,-4229296747893263082,952257395,173819031
1079945951,-4229296747893263081,60335095,173819031
1079945951,-4229296747893263080,1974183865,-2023849584
1079945951,-4229296747893263079,-1778298321,-2023849584
1079945951,-4229296747893263078,1215760612,190496320
1079945951,-4229296747893263077,2107449729,190496320
1079945951,-4229296747893263076,2028652608,-1779456038
1079945951,-4229296747893263075,978651272,141089701
1079945951,-4229296747893263074,2080776157,-2023849584
1079945951,-4229296747893263073,86926758,190496320
1079945951,-4229296747893263072,-246222666,1007727703
1079945951,-4229296747893263071,-227116472,-1779456038
1079945951,-4229296747893263070,1605776202,141089701
1079945951,-4229296747893263069,-616580752,1007727703
1079945951,-4229296747893263068,-1928824049,1007727703
1079945951,-4229296747893263067,-498562123,-1779456038
1079945951,-4229296747893263066,-1434914570,141089701
1079945951,-4229296747893263065,638713955,-1973723105
1079945951,-4229296747893263064,-405500411,190496320
1079945951,-4229296747893263063,2070671991,-1973723105
1079945951,-4229296747893263062,1505681633,-1973723105
1079945951,-4229296747893263061,2032521713,141089701
1079945951,-4229296747893263060,391274004,190496320
1079945951,-4229296747893263059,2006727468,1007727703
1079945951,-4229296747893263058,1311418929,173819031
1079945951,-4229296747893263057,298108695,173819031
1079945951,-4229296747893263056,-1715635078,173819031
1079945951,-4229296747893263055,-2115354076,-1637397777
1079945951,-4229296747893263054,-2014374253,-1637397777
1079945951,-4229296747893263053,2012002244,1007727703
1079945951,-4229296747893263052,-1107658948,-1779456038
1079945951,-4229296747893263051,-2144708693,173819031
1079945951,-4229296747893263050,-94714054,-1973723105
1079945951,-4229296747893263049,769044952,173819031
1079945951,-4229296747893263048,1501339185,-2023849584
1079945951,-4229296747893263047,-1206146310,-1973723105
1079945951,-4229296747893263046,574829495,173819031
1079945951,-4229296747893263045,2121011140,-2023849584
1079945951,-4229296747893263044,53395955,141089701
1079945951,-4229296747893263043,-1744992840,190496320
1079945951,-4229296747893263042,505618280,190496320
1079945951,-4229296747893263041,468805771,173819031
1079945951,-4229296747893263040,783607867,-1973723105
1079945951,-4229296747893263039,-1025649499,-1973723105
1079945951,-4229296747893263038,-2018688905,-1637397777
1079945951,-4229296747893263037,250417200,-1779456038
1079945951,-4229296747893263036,130118570,173819031
1079945951,-4229296747893263035,4375530,-2023849584
1079945951,-4229296747893263034,139561036,-1779456038
1079945951,-4229296747893263033,-57658737,-1637397777
1079945951,-4229296747893263032,581740275,1007727703
1079945951,-4229296747893263031,653557192,-1973723105
1079945951,-4229296747893263030,1428848160,173819031
1079945951,-4229296747893263029,-2134672339,1007727703
1079945951,-4229296747893263028,1607828539,-1779456038
1079945951,-4229296747893263027,747974370,173819031
1079945951,-4229296747893263026,755322343,173819031
1079945951,-4229296747893263025,637181721,141089701
1079945951,-4229296747893263024,2013279516,-2023849584
1079945951,-4229296747893263023,-286854587,190496320
1079945951,-4229296747893263022,1565217649,1007727703
1079945951,-4229296747893263021,1608084166,-2023849584
1079945951,-4229296747893263020,479956822,1007727703
1079945951,-4229296747893263019,-1928824049,1007727703
1079945951,-4229296747893263018,638713955,-2023849584
1079945951,-4229296747893263017,-2018712482,-2023849584
1079945951,-4229296747893263016,-671757697,-1973723105
1079945951,-4229296747893263015,1558281780,190496320
1079945951,-4229296747893263014,-1186030895,141089701
1079945951,-4229296747893263013,-1388703641,-1637397777
1079945951,-4229296747893263012,1704130385,141089701
1079945951,-4229296747893263011,-1188357943,-1973723105
1079945951,-4229296747893263010,-497301641,-1637397777
1079945951,-4229296747893263009,616713943,1007727703
1079945951,-4229296747893263008,-1791298439,-1779456038
1079945951,-4229296747893263007,-763213914,-1637397777
1079945951,-4229296747893263006,-1547954768,1007727703
1079945951,-4229296747893263005,-40551781,-1637397777
1079945951,-4229296747893263004,-1287581349,-1973723105
1079945951,-4229296747893263003,-16717544,-1637397777
1079945951,-4229296747893263002,-705065510,-1779456038
1079945951,-4229296747893263001,-1938805910,173819031
1079945951,-4229296747893263000,2073460188,141089701
1079945951,-4229296747893262999,811763652,-1779456038
1079945951,-4229296747893262998,154174384,-1779456038
1079945951,-4229296747893262997,77614034,141089701
1079945951,-4229296747893262996,-500038059,1007727703
1079945951,-4229296747893262995,1395288945,-2023849584
1079945951,-4229296747893262994,253854611,173819031
1079945951,-4229296747893262993,-1886568967,1007727703
1079945951,-4229296747893262992,-83386790,1007727703
1079945951,-4229296747893262991,2112947830,-1973723105
1079945951,-4229296747893262990,-803567532,1007727703
1079945951,-4229296747893262989,-178670228,1007727703
1079945951,-4229296747893262988,-2079677912,141089701
1079945951,-4229296747893262987,-156282839,1007727703
1079945951,-4229296747893262986,-224145936,-2023849584
1079945951,-4229296747893262985,-6084921,-1973723105
1079945951,-4229296747893262984,-1876069898,190496320
1079945951,-4229296747893262983,662220740,190496320
1079945951,-4229296747893262982,-1447373667,-1637397777
1079945951,-4229296747893262981,1034175890,190496320
1079945951,-4229296747893262980,-1295734506,-1973723105
1079945951,-4229296747893262979,33757983,173819031
1079945951,-4229296747893262978,144991166,173819031
1079945951,-4229296747893262977,1143300064,-1779456038
1079945951,-4229296747893262976,-1769598743,173819031
1079945951,-4229296747893262975,1382049276,1007727703
1079945951,-4229296747893262974,2126762044,1007727703
1079945951,-4229296747893262973,-1754965022,-2023849584
1079945951,-4229296747893262972,186413381,1007727703
1079945951,-4229296747893262971,149300285,190496320
1079945951,-4229296747893262970,-1995110897,141089701
1079945951,-4229296747893262969,1029263557,-1637397777
1079945951,-4229296747893262968,-1987066628,-1637397777
1079945951,-4229296747893262967,1620715223,-1637397777
1079945951,-4229296747893262966,-587508668,-1637397777
1079945951,-4229296747893262965,-699143085,-1637397777
1079945951,-4229296747893262964,-1924238334,173819031
1079945951,-4229296747893262963,-1914649154,141089701
1079945951,-4229296747893262962,-1227944070,-1779456038
1079945951,-4229296747893262961,-754045784,141089701
1079945951,-4229296747893262960,2347575,141089701
1079945951,-4229296747893262959,-2099366824,190496320
1079945951,-4229296747893262958,915429633,141089701
1079945951,-4229296747893262957,2006727468,69396417
1079945951,-4229296747893262956,1732106174,141089701
1079945951,-4229296747893262955,1419963828,-2023849584
1079945951,-4229296747893262954,-1387396257,-1637397777
1079945951,-4229296747893262953,77290768,-1973723105
1079945951,-4229296747893262952,148464448,190496320
1079945951,-4229296747893262951,-2016305946,173819031
1079945951,-4229296747893262950,841971884,69396417
1079945951,-4229296747893262949,-1727281936,-1779456038
1079945951,-4229296747893262948,398133353,190496320
1079945951,-4229296747893262947,1984680867,141089701
1079945951,-4229296747893262946,-1768455916,141089701
1079945951,-4229296747893262945,-967176167,-1973723105
1079945951,-4229296747893262944,-1951094344,173819031
1079945951,-4229296747893262943,-676404202,141089701
1079945951,-4229296747893262942,125225110,-2023849584
1079945951,-4229296747893262941,1515759871,-1779456038
1079945951,-4229296747893262940,1580647795,-1973723105
1079945951,-4229296747893262939,345956743,-2023849584
1079945951,-4229296747893262938,640312783,-2023849584
1079945951,-4229296747893262937,-1817747752,173819031
1079945951,-4229296747893262936,2128322652,-1973723105
1079945951,-4229296747893262935,-1186149349,-1779456038
1079945951,-4229296747893262934,952257395,-1973723105
1079945951,-4229296747893262933,52949416,173819031
1079945951,-4229296747893262932,-1545233209,-1973723105
1079945951,-4229296747893262931,-1735687295,173819031
1079945951,-4229296747893262930,1177814111,69396417
1079945951,-4229296747893262929,2036591454,-1973723105
1079945951,-4229296747893262928,465066427,141089701
1079945951,-4229296747893262927,75011794,-1637397777
1079945951,-4229296747893262926,459608505,-1637397777
1079945951,-4229296747893262925,-148818422,141089701
1079945951,-4229296747893262924,1439655140,-1973723105
1079945951,-4229296747893262923,1319354172,141089701
1079945951,-4229296747893262922,-571900297,190496320
1079945951,-4229296747893262921,-1885179514,-2023849584
1079945951,-4229296747893262920,-2052071099,-1292802131
1079945951,-4229296747893262919,140390822,-1637397777
1079945951,-4229296747893262918,218733723,-1637397777
1079945951,-4229296747893262917,-1132715756,-1973723105
1079945951,-4229296747893262916,-1836675674,-1637397777
1079945951,-4229296747893262915,1281254764,141089701
1079945951,-4229296747893262914,7645102,-1779456038
1079945951,-4229296747893262913,-2016305946,-1637397777
1079945951,-4229296747893262912,-727687994,-2023849584
1079945951,-4229296747893262911,436257380,-1779456038
1079945951,-4229296747893262910,87610752,141089701
1079945951,-4229296747893262909,-440457810,-1292802131
1079945951,-4229296747893262908,-1951868911,-1292802131
1079945951,-4229296747893262907,1003727736,-1292802131
1079945951,-4229296747893262906,-1963797886,-2023849584
1079945951,-4229296747893262905,-1333927301,-2023849584
1079945951,-4229296747893262904,-2023582406,69396417
1079945951,-4229296747893262903,1522106626,-1779456038
1079945951,-4229296747893262902,-1914972098,-2023849584
1079945951,-4229296747893262901,-2054000215,69396417
1079945951,-4229296747893262900,-1847993195,141089701
1079945951,-4229296747893262899,826803256,141089701
1079945951,-4229296747893262898,-1915081868,69396417
1079945951,-4229296747893262897,-197188136,-1292802131
1079945951,-4229296747893262896,36228176,-1779456038
1079945951,-4229296747893262895,-687901370,141089701
1079945951,-4229296747893262894,2146362527,-2023849584
1079945951,-4229296747893262893,1341122871,141089701
1079945951,-4229296747893262892,1814686172,141089701
1079945951,-4229296747893262891,-1873328022,-1779456038
1079945951,-4229296747893262890,982038132,141089701
1079945951,-4229296747893262889,-868255671,-1637397777
1079945951,-4229296747893262888,308706218,-1779456038
1079945951,-4229296747893262887,433393426,-2023849584
1079945951,-4229296747893262886,-1249621128,-2023849584
1079945951,-4229296747893262885,-2081081851,-2023849584
1079945951,-4229296747893262884,-586795656,-2023849584
1079945951,-4229296747893262883,-996567368,69396417
1079945951,-4229296747893262882,-1311053620,-1973723105
1079945951,-4229296747893262881,-1984835841,-1292802131
1079945951,-4229296747893262880,904631175,-1973723105
1079945951,-4229296747893262879,425877053,-1973723105
1079945951,-4229296747893262878,1690456392,-1973723105
1079945951,-4229296747893262877,-2060842333,-1292802131
1079945951,-4229296747893262876,251896903,141089701
1079945951,-4229296747893262875,-1145859820,141089701
1079945951,-4229296747893262874,2141326174,-2023849584
1079945951,-4229296747893262873,80599570,-2023849584
1079945951,-4229296747893262872,-1860855814,173819031
1079945951,-4229296747893262871,-1390550621,-1292802131
1079945951,-4229296747893262870,-1011826407,69396417
1079945951,-4229296747893262869,-180799328,-1292802131
1079945951,-4229296747893262868,-2054626700,-1779456038
1079945951,-4229296747893262867,1844673863,-1637397777
1079945951,-4229296747893262866,836294669,141089701
1079945951,-4229296747893262865,-191198272,69396417
1079945951,-4229296747893262864,-1987964883,-1779456038
1079945951,-4229296747893262863,661443374,-1973723105
1079945951,-4229296747893262862,-62429182,69396417
1079945951,-4229296747893262861,1923733624,-1292802131
1079945951,-4229296747893262860,-2016305946,-1973723105
1079945951,-4229296747893262859,8757051,141089701
1079945951,-4229296747893262858,136185892,-1779456038
1079945951,-4229296747893262857,-10003280,-1292802131
1079945951,-4229296747893262856,328390415,-1292802131
1079945951,-4229296747893262855,76338421,-1637397777
1079945951,-4229296747893262854,1049065153,-1637397777
1079945951,-4229296747893262853,1401968818,-2023849584
1079945951,-4229296747893262852,-747191887,-2023849584
1079945951,-4229296747893262851,-1807056078,-1637397777
1079945951,-4229296747893262850,-1430278493,-1637397777
1079945951,-4229296747893262849,2138928282,-1973723105
1079945951,-4229296747893262848,-807663498,141089701
1079945951,-4229296747893262847,690639483,69396417
1079945951,-4229296747893262846,-728444860,-1130294811
1079945951,-4229296747893262845,-1046676914,-1292802131
1079945951,-4229296747893262844,2051542351,-2023849584
1079945951,-4229296747893262843,498081259,-1292802131
1079945951,-4229296747893262842,1656008543,69396417
1079945951,-4229296747893262841,-1180972659,69396417
1079945951,-4229296747893262840,-563834910,-1292802131
1079945951,-4229296747893262839,934612251,141089701
1079945951,-4229296747893262838,67828796,69396417
1079945951,-4229296747893262837,412696533,-1637397777
1079945951,-4229296747893262836,292566480,69396417
1079945951,-4229296747893262835,2107121326,-1973723105
1079945951,-4229296747893262834,940547131,-1973723105
1079945951,-4229296747893262833,1311158916,-1130294811
1079945951,-4229296747893262832,-318916844,-1973723105
1079945951,-4229296747893262831,-297874274,-1130294811
1079945951,-4229296747893262830,140777185,69396417
1079945951,-4229296747893262829,-839400596,69396417
1079945951,-4229296747893262828,1500943694,-1130294811
1079945951,-4229296747893262827,1032664457,141089701
1079945951,-4229296747893262826,-1970691291,-2023849584
1079945951,-4229296747893262825,513956536,-1130294811
1079945951,-4229296747893262824,-149587747,-1292802131
1079945951,-4229296747893262823,-93447480,-2023849584
1079945951,-4229296747893262822,-1642560960,-1130294811
1079945951,-4229296747893262821,2065260878,-1637397777
1079945951,-4229296747893262820,-995701421,-1130294811
1079945951,-4229296747893262819,992306296,-1973723105
1079945951,-4229296747893262818,-1928932593,-1130294811
1079945951,-4229296747893262817,-145669019,-1130294811
1079945951,-4229296747893262816,-109814978,-1637397777
1079945951,-4229296747893262815,-598963438,-1779456038
1079945951,-4229296747893262814,847145388,69396417
1079945951,-4229296747893262813,1797822539,-1973723105
1079945951,-4229296747893262812,1652804853,-1637397777
1079945951,-4229296747893262811,263753465,-1130294811
1079945951,-4229296747893262810,2008922712,141089701
1079945951,-4229296747893262809,1571517775,-1779456038
1079945951,-4229296747893262808,-1712363453,-1130294811
1079945951,-4229296747893262807,-75485137,141089701
1079945951,-4229296747893262806,1853079824,141089701
1079945951,-4229296747893262805,1558281780,141089701
1079945951,-4229296747893262804,2035322616,-1130294811
1079945951,-4229296747893262803,-747833043,-2023849584
1079945951,-4229296747893262802,1109390463,-1973723105
1079945951,-4229296747893262801,2104941835,-1292802131
1079945951,-4229296747893262800,283318343,-1973723105
1079945951,-4229296747893262799,24863507,141089701
1079945951,-4229296747893262798,2121337,-1292802131
1079945951,-4229296747893262797,-616860316,141089701
1079945951,-4229296747893262796,379566645,-1779456038
1079945951,-4229296747893262795,-624616758,-1292802131
1079945951,-4229296747893262794,1265933740,-1637397777
1079945951,-4229296747893262793,-61034921,-2023849584
1079945951,-4229296747893262792,65809074,-1130294811
1079945951,-4229296747893262791,452168145,-1779456038
1079945951,-4229296747893262790,-1744992840,-2023849584
1079945951,-4229296747893262789,-2003570897,-1292802131
1079945951,-4229296747893262788,-2064312114,141089701
1079945951,-4229296747893262787,12819194,-2023849584
1079945951,-4229296747893262786,68641033,-1637397777
1079945951,-4229296747893262785,-916248680,-1130294811
1079945951,-4229296747893262784,-2134728741,-1779456038
1079945951,-4229296747893262783,216142862,141089701
1079945951,-4229296747893262782,1545306840,141089701
1079945951,-4229296747893262781,140777185,69396417
1079945951,-4229296747893262780,668035427,-1779456038
1079945951,-4229296747893262779,850288629,-1779456038
1079945951,-4229296747893262778,1748746432,-1292802131
1079945951,-4229296747893262777,-1481660861,-2023849584
1079945951,-4229296747893262776,-2048932600,-1292802131
1079945951,-4229296747893262775,-2064627852,141089701
1079945951,-4229296747893262774,-2104009482,-1637397777
1079945951,-4229296747893262773,1825533429,-1292802131
1079945951,-4229296747893262772,-2000979334,69396417
1079945951,-4229296747893262771,34912685,-1637397777
1079945951,-4229296747893262770,137612648,-1779456038
1079945951,-4229296747893262769,222662262,69396417
1079945951,-4229296747893262768,1013499974,-1130294811
1079945951,-4229296747893262767,-1788933141,-1637397777
1079945951,-4229296747893262766,122247768,69396417
1079945951,-4229296747893262765,-45041234,-1779456038
1079945951,-4229296747893262764,81443544,-1973723105
1079945951,-4229296747893262763,-567595157,-2023849584
1079945951,-4229296747893262762,-171640442,69396417
1079945951,-4229296747893262761,-152285228,-2023849584
1079945951,-4229296747893262760,-692087314,-1779456038
1079945951,-4229296747893262759,-230584277,-1292802131
1079945951,-4229296747893262758,-392526774,-1292802131
1079945951,-4229296747893262757,2038158845,-1130294811
1079945951,-4229296747893262756,-1623198430,69396417
1079945951,-4229296747893262755,502182131,-1130294811
1079945951,-4229296747893262754,-774813371,-1292802131
1079945951,-4229296747893262753,1480840241,-1779456038
1079945951,-4229296747893262752,1067743648,69396417
1079945951,-4229296747893262751,-1443212335,-1292802131
1079945951,-4229296747893262750,-908727683,69396417
1079945951,-4229296747893262749,68882968,141089701
1079945951,-4229296747893262748,-929686790,1246535403
1079945951,-4229296747893262747,-911782506,69396417
1079945951,-4229296747893262746,133160948,-1973723105
1079945951,-4229296747893262745,2028320021,1246535403
1079945951,-4229296747893262744,-1843494574,-1130294811
1079945951,-4229296747893262743,217330011,-1292802131
1079945951,-4229296747893262742,2017858375,-1130294811
1079945951,-4229296747893262741,-1914269031,1246535403
1079945951,-4229296747893262740,-1978008585,-1973723105
1079945951,-4229296747893262739,-1959506983,1246535403
1079945951,-4229296747893262738,-1325396130,-1130294811
1079945951,-4229296747893262737,826803256,-1973723105
1079945951,-4229296747893262736,351113827,1246535403
1079945951,-4229296747893262735,4771213,69396417
1079945951,-4229296747893262734,-916248680,-1130294811
1079945951,-4229296747893262733,210808104,-2023849584
1079945951,-4229296747893262732,-1697762832,141089701
1079945951,-4229296747893262731,-1214353446,69396417
1079945951,-4229296747893262730,762165456,141089701
1079945951,-4229296747893262729,-1790655812,-1779456038
1079945951,-4229296747893262728,820282694,-1973723105
1079945951,-4229296747893262727,-829967061,69396417
1079945951,-4229296747893262726,2026928917,1246535403
1079945951,-4229296747893262725,1221542660,69396417
1079945951,-4229296747893262724,-2100720411,1246535403
1079945951,-4229296747893262723,261175115,-1973723105
1079945951,-4229296747893262722,2111653877,141089701
1079945951,-4229296747893262721,-1395344140,1246535403
1079945951,-4229296747893262720,-2075758615,141089701
1079945951,-4229296747893262719,-6084921,-1779456038
1079945951,-4229296747893262718,-586795656,1246535403
1079945951,-4229296747893262717,-274671013,-1292802131
1079945951,-4229296747893262716,266462053,69396417
1079945951,-4229296747893262715,595122181,-2023849584
1079945951,-4229296747893262714,1032252371,141089701
1079945951,-4229296747893262713,2141326174,-1973723105
1079945951,-4229296747893262712,253596674,-1973723105
1079945951,-4229296747893262711,253001934,-2023849584
1079945951,-4229296747893262710,-13636224,-1973723105
1079945951,-4229296747893262709,74295602,-2023849584
1079945951,-4229296747893262708,-1905725679,141089701
1079945951,-4229296747893262707,-2129649036,-2023849584
1079945951,-4229296747893262706,1874670786,69396417
1079945951,-4229296747893262705,81331089,-1973723105
1079945951,-4229296747893262704,-456493499,-1292802131
1079945951,-4229296747893262703,-1764882808,141089701
1079945951,-4229296747893262702,243992553,141089701
1079945951,-4229296747893262701,-796445476,-1973723105
1079945951,-4229296747893262700,28868443,1246535403
1079945951,-4229296747893262699,-1987964883,-1779456038
1079945951,-4229296747893262698,-1968216984,-1924827000
1079945951,-4229296747893262697,-573245045,-1130294811
1079945951,-4229296747893262696,379566645,-1924827000
1079945951,-4229296747893262695,-739840663,1246535403
1079945951,-4229296747893262694,1197460953,1246535403
1079945951,-4229296747893262693,-1442312643,-1130294811
1079945951,-4229296747893262692,68882968,1246535403
1079945951,-4229296747893262691,-903737105,-1292802131
1079945951,-4229296747893262690,2114353006,1246535403
1079945951,-4229296747893262689,319262193,-1292802131
1079945951,-4229296747893262688,-2009149668,-1973723105
1079945951,-4229296747893262687,-1804705015,1246535403
1079945951,-4229296747893262686,-1729637901,141089701
1079945951,-4229296747893262685,1603745739,-1292802131
1079945951,-4229296747893262684,-1180972659,69396417
1079945951,-4229296747893262683,-574031003,69396417
1079945951,-4229296747893262682,1813555192,-1924827000
1079945951,-4229296747893262681,1750745265,141089701
1079945951,-4229296747893262680,-804847093,-1779456038
1079945951,-4229296747893262679,2132623719,-1924827000
1079945951,-4229296747893262678,308532057,-1130294811
1079945951,-4229296747893262677,-1908998628,-1292802131
1079945951,-4229296747893262676,-1026571101,141089701
1079945951,-4229296747893262675,-1431295514,-1130294811
1079945951,-4229296747893262674,-1013823983,1246535403
1079945951,-4229296747893262673,-1635133007,1246535403
1079945951,-4229296747893262672,-772825950,-1779456038
1079945951,-4229296747893262671,13604855,1246535403
1079945951,-4229296747893262670,101877874,-1292802131
1079945951,-4229296747893262669,237315215,1246535403
1079945951,-4229296747893262668,-1918541200,1246535403
1079945951,-4229296747893262667,1209906268,-1130294811
1079945951,-4229296747893262666,-1649322481,-1130294811
1079945951,-4229296747893262665,1134794106,69396417
1079945951,-4229296747893262664,-696833456,69396417
1079945951,-4229296747893262663,73670154,-1292802131
1079945951,-4229296747893262662,-679509559,1246535403
1079945951,-4229296747893262661,2085606049,141089701
1079945951,-4229296747893262660,-1835928569,1246535403
1079945951,-4229296747893262659,-221788913,-1779456038
1079945951,-4229296747893262658,-2869731,69396417
1079945951,-4229296747893262657,-727473914,69396417
1079945951,-4229296747893262656,-2008915829,-1292802131
1079945951,-4229296747893262655,649176844,-1292802131
1079945951,-4229296747893262654,-624614613,-1292802131
1079945951,-4229296747893262653,774517038,-1973723105
1079945951,-4229296747893262652,931497924,-1973723105
1079945951,-4229296747893262651,808090932,141089701
1079945951,-4229296747893262650,67639651,-1292802131
1079945951,-4229296747893262649,1005962508,-1924827000
1079945951,-4229296747893262648,165966074,141089701
1079945951,-4229296747893262647,-1968216984,-1924827000
1079945951,-4229296747893262646,1978873307,-1130294811
1079945951,-4229296747893262645,1951030349,-1130294811
1079945951,-4229296747893262644,867589228,1246535403
1079945951,-4229296747893262643,-535475193,69396417
1079945951,-4229296747893262642,-791493759,1246535403
1079945951,-4229296747893262641,684461533,-1292802131
1079945951,-4229296747893262640,-79811011,-1292802131
1079945951,-4229296747893262639,1961251132,1246535403
1079945951,-4229296747893262638,890650749,-1973723105
1079945951,-4229296747893262637,-1570892977,-1292802131
1079945951,-4229296747893262636,1718823695,69396417
1079945951,-4229296747893262635,-530521959,-1973723105
1079945951,-4229296747893262634,1756983985,-1779456038
1079945951,-4229296747893262633,551895089,-1924827000
1079945951,-4229296747893262632,-471234694,-1292802131
1079945951,-4229296747893262631,190914601,-1292802131
1079945951,-4229296747893262630,1909937150,-1292802131
1079945951,-4229296747893262629,-1804945688,1246535403
1079945951,-4229296747893262628,-1555769551,-1779456038
1079945951,-4229296747893262627,159084842,-1924827000
1079945951,-4229296747893262626,-149587747,1246535403
1079945951,-4229296747893262625,-949531517,-1292802131
1079945951,-4229296747893262624,-43299977,-1130294811
1079945951,-4229296747893262623,791365684,-1779456038
1079945951,-4229296747893262622,658492108,-1779456038
1079945951,-4229296747893262621,-2134591603,-1292802131
1079945951,-4229296747893262620,2145737691,-1973723105
1079945951,-4229296747893262619,-148818422,-1292802131
1079945951,-4229296747893262618,101718811,141089701
1079945951,-4229296747893262617,-141078152,-1292802131
1079945951,-4229296747893262616,73858694,141089701
1079945951,-4229296747893262615,2046734065,-1130294811
1079945951,-4229296747893262614,291089343,69396417
1079945951,-4229296747893262613,816709756,141089701
1079945951,-4229296747893262612,-159663235,-1924827000
1079945951,-4229296747893262611,846801733,1246535403
1079945951,-4229296747893262610,-504374127,-1130294811
1079945951,-4229296747893262609,-853869563,-1973723105
1079945951,-4229296747893262608,-1579976245,69396417
1079945951,-4229296747893262607,1676815549,69396417
1079945951,-4229296747893262606,52796197,-1973723105
1079945951,-4229296747893262605,-1719907497,-1924827000
1079945951,-4229296747893262604,1835502390,-1292802131
1079945951,-4229296747893262603,1965244144,-1973723105
1079945951,-4229296747893262602,-1390268139,1246535403
1079945951,-4229296747893262601,2052030198,-1779456038
1079945951,-4229296747893262600,136160924,1246535403
1079945951,-4229296747893262599,-930052940,-1292802131
1079945951,-4229296747893262598,219271090,-1292802131
1079945951,-4229296747893262597,-10583820,-1779456038
1079945951,-4229296747893262596,1165789753,-1130294811
1079945951,-4229296747893262595,264447316,1246535403
1079945951,-4229296747893262594,1740008341,-1973723105
1079945951,-4229296747893262593,2073381260,-1779456038
1079945951,-4229296747893262592,-147218767,-1973723105
1079945951,-4229296747893262591,1503566604,-1130294811
1079945951,-4229296747893262590,-1220248314,69396417
1079945951,-4229296747893262589,-1952430549,-1779456038
1079945951,-4229296747893262588,-1534601746,-1924827000
1079945951,-4229296747893262587,-1261656162,-1973723105
1079945951,-4229296747893262586,-2037522863,-1130294811
1079945951,-4229296747893262585,-1149331377,-1973723105
1079945951,-4229296747893262584,-1289027062,-1924827000
1079945951,-4229296747893262583,509779220,-1292802131
1079945951,-4229296747893262582,555781966,-1779456038
1079945951,-4229296747893262581,849271578,1246535403
1079945951,-4229296747893262580,1480707069,-1292802131
1079945951,-4229296747893262579,-1347007545,-1924827000
1079945951,-4229296747893262578,1674705079,-1292802131
1079945951,-4229296747893262577,1481599870,-1130294811
1079945951,-4229296747893262576,1311296359,-1973723105
1079945951,-4229296747893262575,2032257623,-1130294811
1079945951,-4229296747893262574,1229762138,141089701
1079945951,-4229296747893262573,-1088720597,-1779456038
1079945951,-4229296747893262572,-1836418419,-1924827000
1079945951,-4229296747893262571,-1858386377,-1779456038
1079945951,-4229296747893262570,-407897304,-1779456038
1079945951,-4229296747893262569,1577704701,69396417
1079945951,-4229296747893262568,542516107,141089701
1079945951,-4229296747893262567,1029263557,-1924827000
1079945951,-4229296747893262566,-246246291,-1130294811
1079945951,-4229296747893262565,-699143085,-1779456038
1079945951,-4229296747893262564,-2052607695,-1779456038
1079945951,-4229296747893262563,-1676401419,-1973723105
1079945951,-4229296747893262562,700645621,1246535403
1079945951,-4229296747893262561,1796522352,1581510815
1079945951,-4229296747893262560,1995683587,141089701
1079945951,-4229296747893262559,24244846,-1973723105
1079945951,-4229296747893262558,911841285,1246535403
1079945951,-4229296747893262557,-2112984448,-1292802131
1079945951,-4229296747893262556,-1976375103,-1779456038
1079945951,-4229296747893262555,-1397036494,1581510815
1079945951,-4229296747893262554,1841655047,-1924827000
1079945951,-4229296747893262553,-1192008473,-1130294811
1079945951,-4229296747893262552,1003727736,-1779456038
1079945951,-4229296747893262551,276367989,1246535403
1079945951,-4229296747893262550,252329018,-1779456038
1079945951,-4229296747893262549,-1390413909,-1779456038
1079945951,-4229296747893262548,219590930,-1779456038
1079945951,-4229296747893262547,341401200,-1130294811
1079945951,-4229296747893262546,-1780012785,-1292802131
1079945951,-4229296747893262545,379980405,141089701
1079945951,-4229296747893262544,-1551033647,-1924827000
1079945951,-4229296747893262543,-6084921,-1779456038
1079945951,-4229296747893262542,-1839039595,-1779456038
1079945951,-4229296747893262541,-1886144527,141089701
1079945951,-4229296747893262540,698194206,1246535403
1079945951,-4229296747893262539,-1343855127,1246535403
1079945951,-4229296747893262538,-1281155107,1246535403
1079945951,-4229296747893262537,-828698665,-1779456038
1079945951,-4229296747893262536,1863996386,-1130294811
1079945951,-4229296747893262535,713845994,-1924827000
1079945951,-4229296747893262534,-407897304,-1130294811
1079945951,-4229296747893262533,-754474182,-1130294811
1079945951,-4229296747893262532,263753465,-1973723105
1079945951,-4229296747893262531,4841996,-1292802131
1079945951,-4229296747893262530,154889714,-1973723105
1079945951,-4229296747893262529,1462633112,1581510815
1079945951,-4229296747893262528,429276423,-1924827000
1079945951,-4229296747893262527,-160167377,-1924827000
1079945951,-4229296747893262526,-1893611209,1581510815
1079945951,-4229296747893262525,1006238374,-1924827000
1079945951,-4229296747893262524,1868686812,141089701
1079945951,-4229296747893262523,-1195119941,-1130294811
1079945951,-4229296747893262522,-1746572228,141089701
1079945951,-4229296747893262521,777167350,-1924827000
1079945951,-4229296747893262520,1248397014,-1292802131
1079945951,-4229296747893262519,1750260998,-1292802131
1079945951,-4229296747893262518,-1370582416,-1973723105
1079945951,-4229296747893262517,-1467041057,1246535403
1079945951,-4229296747893262516,-1670466019,-1130294811
1079945951,-4229296747893262515,86660923,1581510815
1079945951,-4229296747893262514,154174384,-1779456038
1079945951,-4229296747893262513,-1803870584,-1779456038
1079945951,-4229296747893262512,-1046676914,1246535403
1079945951,-4229296747893262511,-1749433094,1246535403
1079945951,-4229296747893262510,-2014851281,-1292802131
1079945951,-4229296747893262509,-2062822322,-1779456038
1079945951,-4229296747893262508,-1459939257,-1779456038
1079945951,-4229296747893262507,-848563833,1581510815
1079945951,-4229296747893262506,2114018190,-1973723105
1079945951,-4229296747893262505,788301677,-1130294811
1079945951,-4229296747893262504,79034737,-1973723105
1079945951,-4229296747893262503,-558693090,141089701
1079945951,-4229296747893262502,2028652608,-1779456038
1079945951,-4229296747893262501,-23106263,-1973723105
1079945951,-4229296747893262500,-1769205719,-1973723105
1079945951,-4229296747893262499,-881982078,-1924827000
1079945951,-4229296747893262498,2013279516,1246535403
1079945951,-4229296747893262497,1211617869,-1973723105
1079945951,-4229296747893262496,1648894805,-1779456038
1079945951,-4229296747893262495,2067482541,-1130294811
1079945951,-4229296747893262494,-181556828,1581510815
1079945951,-4229296747893262493,-1633501226,1246535403
1079945951,-4229296747893262492,80599570,-1292802131
1079945951,-4229296747893262491,988095745,-1973723105
1079945951,-4229296747893262490,-45041234,-1973723105
1079945951,-4229296747893262489,1444150940,141089701
1079945951,-4229296747893262488,68890666,1246535403
1079945951,-4229296747893262487,-378940175,1581510815
1079945951,-4229296747893262486,977547146,141089701
1079945951,-4229296747893262485,-695645478,-1779456038
1079945951,-4229296747893262484,2129693083,-1130294811
1079945951,-4229296747893262483,71830065,141089701
1079945951,-4229296747893262482,1310983170,-1292802131
1079945951,-4229296747893262481,-1043613491,-1973723105
1079945951,-4229296747893262480,762372474,141089701
1079945951,-4229296747893262479,1923733624,141089701
1079945951,-4229296747893262478,-304185329,-1292802131
1079945951,-4229296747893262477,-787764971,1581510815
1079945951,-4229296747893262476,-278849667,1246535403
1079945951,-4229296747893262475,-905326143,1246535403
1079945951,-4229296747893262474,-1163768688,-1973723105
1079945951,-4229296747893262473,1306497005,-1130294811
1079945951,-4229296747893262472,1418109303,-1130294811
1079945951,-4229296747893262471,651856819,-1130294811
1079945951,-4229296747893262470,-671220489,-1130294811
1079945951,-4229296747893262469,-2012933545,-1779456038
1079945951,-4229296747893262468,-5878673,-1292802131
1079945951,-4229296747893262467,-1524644044,1246535403
1079945951,-4229296747893262466,-1040435151,-1973723105
1079945951,-4229296747893262465,-1776322272,-1779456038
1079945951,-4229296747893262464,1341122871,-1292802131
1079945951,-4229296747893262463,-2023548465,-1292802131
1079945951,-4229296747893262462,-90928011,1246535403
1079945951,-4229296747893262461,726084581,1246535403
1079945951,-4229296747893262460,238532478,-1292802131
1079945951,-4229296747893262459,76659159,-1973723105
1079945951,-4229296747893262458,-531671700,-1292802131
1079945951,-4229296747893262457,266413862,1246535403
1079945951,-4229296747893262456,-357606932,1581510815
1079945951,-4229296747893262455,57272920,-1779456038
1079945951,-4229296747893262454,1967273408,-1924827000
1079945951,-4229296747893262453,-686042957,-1130294811
1079945951,-4229296747893262452,-226383403,-1779456038
1079945951,-4229296747893262451,-586795656,141089701
1079945951,-4229296747893262450,-1991489690,-1973723105
1079945951,-4229296747893262449,-388649090,141089701
1079945951,-4229296747893262448,73884015,-1292802131
1079945951,-4229296747893262447,-2060842333,1581510815
1079945951,-4229296747893262446,-541556802,-1973723105
1079945951,-4229296747893262445,573370320,1581510815
1079945951,-4229296747893262444,1605776202,1581510815
1079945951,-4229296747893262443,2019860527,141089701
1079945951,-4229296747893262442,-1737014813,1581510815
1079945951,-4229296747893262441,-1108558023,141089701
1079945951,-4229296747893262440,870736055,-1924827000
1079945951,-4229296747893262439,-390622408,141089701
1079945951,-4229296747893262438,-1753371456,1246535403
1079945951,-4229296747893262437,-1806406112,-1292802131
1079945951,-4229296747893262436,-192702804,1035972271
1079945951,-4229296747893262435,-1936731431,1246535403
1079945951,-4229296747893262434,-118346425,-1973723105
1079945951,-4229296747893262433,1266598575,1581510815
1079945951,-4229296747893262432,-479177481,1246535403
1079945951,-4229296747893262431,1959196200,1035972271
1079945951,-4229296747893262430,-1552531380,-1973723105
1079945951,-4229296747893262429,890650749,-1924827000
1079945951,-4229296747893262428,329276873,-1292802131
1079945951,-4229296747893262427,-802085670,1035972271
1079945951,-4229296747893262426,-1247900026,-1924827000
1079945951,-4229296747893262425,1079141933,1246535403
1079945951,-4229296747893262424,-1295076789,1246535403
1079945951,-4229296747893262423,-1326092666,1246535403
1079945951,-4229296747893262422,-104546824,141089701
1079945951,-4229296747893262421,2087616113,-1924827000
1079945951,-4229296747893262420,1651455769,141089701
1079945951,-4229296747893262419,-1697762832,1581510815
1079945951,-4229296747893262418,-183461744,-1292802131
1079945951,-4229296747893262417,312290069,1035972271
1079945951,-4229296747893262416,73667466,-1924827000
1079945951,-4229296747893262415,810532410,-1924827000
1079945951,-4229296747893262414,1960141830,-1924827000
1079945951,-4229296747893262413,1480707069,-1973723105
1079945951,-4229296747893262412,1970159743,-1924827000
1079945951,-4229296747893262411,-1323806501,1035972271
1079945951,-4229296747893262410,-1074477422,-1292802131
1079945951,-4229296747893262409,-2016502175,-1973723105
1079945951,-4229296747893262408,-1510190701,-1292802131
1079945951,-4229296747893262407,-1995110891,-1924827000
1079945951,-4229296747893262406,1436195671,1035972271
1079945951,-4229296747893262405,56487003,-1292802131
1079945951,-4229296747893262404,2084626303,-1973723105
1079945951,-4229296747893262403,-1823015757,-1130294811
1079945951,-4229296747893262402,2000302766,-1924827000
1079945951,-4229296747893262401,2083577718,1581510815
1079945951,-4229296747893262400,1527136428,1246535403
1079945951,-4229296747893262399,-1860855814,-1973723105
1079945951,-4229296747893262398,-1985458330,1035972271
1079945951,-4229296747893262397,-411335927,-1292802131
1079945951,-4229296747893262396,-1011422914,-1973723105
1079945951,-4229296747893262395,-1939868718,1035972271
1079945951,-4229296747893262394,-93518300,-1973723105
1079945951,-4229296747893262393,-1497403571,-1130294811
1079945951,-4229296747893262392,838356076,1581510815
1079945951,-4229296747893262391,571612489,-1924827000
1079945951,-4229296747893262390,71373369,1035972271
1079945951,-4229296747893262389,136146808,-1130294811
1079945951,-4229296747893262388,32640949,-1292802131
1079945951,-4229296747893262387,436257380,-1292802131
1079945951,-4229296747893262386,2090953964,1246535403
1079945951,-4229296747893262385,1718823695,-1130294811
1079945951,-4229296747893262384,196360034,-1973723105
1079945951,-4229296747893262383,-1114670224,-1292802131
1079945951,-4229296747893262382,-2132879022,1035972271
1079945951,-4229296747893262381,1034375198,1246535403
1079945951,-4229296747893262380,1815820125,-1924827000
1079945951,-4229296747893262379,1245634786,-1973723105
1079945951,-4229296747893262378,-2112798845,1035972271
1079945951,-4229296747893262377,-1180972659,1246535403
1079945951,-4229296747893262376,163960962,1581510815
1079945951,-4229296747893262375,-216838040,609821601
1079945951,-4229296747893262374,552514916,-1973723105
1079945951,-4229296747893262373,1669711644,-1130294811
1079945951,-4229296747893262372,949016748,-1292802131
1079945951,-4229296747893262371,-2087971759,-1292802131
1079945951,-4229296747893262370,278553565,1581510815
1079945951,-4229296747893262369,2083546373,1581510815
1079945951,-4229296747893262368,-357606932,-1130294811
1079945951,-4229296747893262367,-2146019666,609821601
1079945951,-4229296747893262366,-996567368,609821601
1079945951,-4229296747893262365,-1506640923,-1130294811
1079945951,-4229296747893262364,769166940,1246535403
1079945951,-4229296747893262363,425877053,1035972271
1079945951,-4229296747893262362,-1227488524,-1973723105
1079945951,-4229296747893262361,-334394068,-1924827000
1079945951,-4229296747893262360,2044060474,-1973723105
1079945951,-4229296747893262359,186413381,1246535403
1079945951,-4229296747893262358,2120848109,609821601
1079945951,-4229296747893262357,-1924238334,-1292802131
1079945951,-4229296747893262356,-1449008779,1246535403
1079945951,-4229296747893262355,912039820,1246535403
1079945951,-4229296747893262354,-1925116214,609821601
1079945951,-4229296747893262353,-1994985397,609821601
1079945951,-4229296747893262352,57272920,1246535403
1079945951,-4229296747893262351,-1935947318,-1130294811
1079945951,-4229296747893262350,592192248,-1292802131
1079945951,-4229296747893262349,24244846,-1292802131
1079945951,-4229296747893262348,-807578552,-1130294811
1079945951,-4229296747893262347,-2052484291,-1973723105
1079945951,-4229296747893262346,1882353057,1246535403
1079945951,-4229296747893262345,1412353993,1246535403
1079945951,-4229296747893262344,1500972745,-1292802131
1079945951,-4229296747893262343,31592010,-1130294811
1079945951,-4229296747893262342,-20619984,609821601
1079945951,-4229296747893262341,-687064036,1035972271
1079945951,-4229296747893262340,-2104424023,609821601
1079945951,-4229296747893262339,1265684596,1246535403
1079945951,-4229296747893262338,-1365477132,1035972271
1079945951,-4229296747893262337,-895235365,-1130294811
1079945951,-4229296747893262336,1059514136,-1973723105
1079945951,-4229296747893262335,173378144,609821601
1079945951,-4229296747893262334,2073460188,-1973723105
1079945951,-4229296747893262333,-514252045,-1973723105
1079945951,-4229296747893262332,1477185697,609821601
1079945951,-4229296747893262331,-362543927,-1924827000
1079945951,-4229296747893262330,276367989,-1130294811
1079945951,-4229296747893262329,1909937150,1246535403
1079945951,-4229296747893262328,1388714757,1581510815
1079945951,-4229296747893262327,2030049312,1581510815
1079945951,-4229296747893262326,-493614725,-1924827000
1079945951,-4229296747893262325,335460777,1581510815
1079945951,-4229296747893262324,-542733448,609821601
1079945951,-4229296747893262323,1094505266,-1292802131
1079945951,-4229296747893262322,-57658737,609821601
1079945951,-4229296747893262321,1483965278,-1973723105
1079945951,-4229296747893262320,-2134672339,609821601
1079945951,-4229296747893262319,788301677,1035972271
1079945951,-4229296747893262318,-138283028,1581510815
1079945951,-4229296747893262317,-308914171,1246535403
1079945951,-4229296747893262316,747974370,1035972271
1079945951,-4229296747893262315,880886602,609821601
1079945951,-4229296747893262314,-1759349940,-1292802131
1079945951,-4229296747893262313,381076785,1581510815
1079945951,-4229296747893262312,-995653291,-1292802131
1079945951,-4229296747893262311,-2004547204,1035972271
1079945951,-4229296747893262310,-2002885009,-1924827000
1079945951,-4229296747893262309,-1026465344,609821601
1079945951,-4229296747893262308,474518922,1581510815
1079945951,-4229296747893262307,1034162653,-1292802131
1079945951,-4229296747893262306,-2086235507,-1130294811
1079945951,-4229296747893262305,1302019984,1581510815
1079945951,-4229296747893262304,-1454559601,1246535403
1079945951,-4229296747893262303,-749670682,1035972271
1079945951,-4229296747893262302,71342081,1246535403
1079945951,-4229296747893262301,-2105701799,-1924827000
1079945951,-4229296747893262300,-2001486460,-1130294811
1079945951,-4229296747893262299,1074287969,-1130294811
1079945951,-4229296747893262298,-1880978834,1246535403
1079945951,-4229296747893262297,335253791,-1924827000
1079945951,-4229296747893262296,-1715635078,-1130294811
1079945951,-4229296747893262295,-1163166756,1581510815
1079945951,-4229296747893262294,-181711829,-1924827000
1079945951,-4229296747893262293,-616860316,1035972271
1079945951,-4229296747893262292,-301985638,1581510815
1079945951,-4229296747893262291,-1924700592,-1292802131
1079945951,-4229296747893262290,-619493162,-1924827000
1079945951,-4229296747893262289,-570372320,609821601
1079945951,-4229296747893262288,-2083443300,-1924827000
1079945951,-4229296747893262287,-1287581349,-1292802131
1079945951,-4229296747893262286,-80677161,1581510815
1079945951,-4229296747893262285,-1206146310,1246535403
1079945951,-4229296747893262284,1667888705,-1130294811
1079945951,-4229296747893262283,2048612236,-1973723105
1079945951,-4229296747893262282,-747191887,1035972271
1079945951,-4229296747893262281,234931006,-1130294811
1079945951,-4229296747893262280,-1934800972,-1924827000
1079945951,-4229296747893262279,-112137495,-1292802131
1079945951,-4229296747893262278,4771213,-1292802131
1079945951,-4229296747893262277,1089093490,-1292802131
1079945951,-4229296747893262276,1238817319,-1292802131
1079945951,-4229296747893262275,979316658,1035972271
1079945951,-4229296747893262274,791320272,609821601
1079945951,-4229296747893262273,-1814410828,-1292802131
1079945951,-4229296747893262272,-1408496434,-1130294811
1079945951,-4229296747893262271,-93447480,1581510815
1079945951,-4229296747893262270,-2081081851,-1292802131
1079945951,-4229296747893262269,144889528,1581510815
1079945951,-4229296747893262268,-2016445827,-1292802131
1079945951,-4229296747893262267,1184085552,-1973723105
1079945951,-4229296747893262266,1979621540,1246535403
1079945951,-4229296747893262265,73670154,-1924827000
1079945951,-4229296747893262264,733359690,1246535403
1079945951,-4229296747893262263,1608084166,1581510815
1079945951,-4229296747893262262,-218383384,-1924827000
1079945951,-4229296747893262261,1294017971,1035972271
1079945951,-4229296747893262260,1652804853,609821601
1079945951,-4229296747893262259,1353086536,1035972271
1079945951,-4229296747893262258,-246246291,1581510815
1079945951,-4229296747893262257,-1374400178,1246535403
1079945951,-4229296747893262256,-1087648685,-1973723105
1079945951,-4229296747893262255,-259405446,1246535403
1079945951,-4229296747893262254,-1884390178,-1973723105
1079945951,-4229296747893262253,-116416701,1581510815
1079945951,-4229296747893262252,-835344101,1246535403
1079945951,-4229296747893262251,-550061698,-1292802131
1079945951,-4229296747893262250,1999040732,1581510815
1079945951,-4229296747893262249,-796445476,609821601
1079945951,-4229296747893262248,813822624,-1130294811
1079945951,-4229296747893262247,-754321201,-1924827000
1079945951,-4229296747893262246,130720623,1581510815
1079945951,-4229296747893262245,-2050701021,1035972271
1079945951,-4229296747893262244,-1986911516,-1973723105
1079945951,-4229296747893262243,-1386685912,1035972271
1079945951,-4229296747893262242,-2109725399,1246535403
1079945951,-4229296747893262241,-1182575073,-1924827000
1079945951,-4229296747893262240,-1426241474,609821601
1079945951,-4229296747893262239,1596073824,-1924827000
1079945951,-4229296747893262238,-99047964,-1292802131
1079945951,-4229296747893262237,934744775,-1292802131
1079945951,-4229296747893262236,-1247900026,609821601
1079945951,-4229296747893262235,1111016632,-1130294811
1079945951,-4229296747893262234,305061220,609821601
1079945951,-4229296747893262233,1311568334,1246535403
1079945951,-4229296747893262232,1656008543,-1924827000
1079945951,-4229296747893262231,-1464214454,-1924827000
1079945951,-4229296747893262230,-1387959526,-1973723105
1079945951,-4229296747893262229,188310148,-1130294811
1079945951,-4229296747893262228,-183461744,-1924827000
1079945951,-4229296747893262227,74277123,-1973723105
1079945951,-4229296747893262226,1996110239,-1292802131
1079945951,-4229296747893262225,-1033728997,1246535403
1079945951,-4229296747893262224,2132507480,1246535403
1079945951,-4229296747893262223,-1642560960,609821601
1079945951,-4229296747893262222,-704810557,-1973723105
1079945951,-4229296747893262221,-1219144547,-1130294811
1079945951,-4229296747893262220,-419632073,1035972271
1079945951,-4229296747893262219,-1842559605,-1292802131
1079945951,-4229296747893262218,698194206,609821601
1079945951,-4229296747893262217,2106019329,1035972271
1079945951,-4229296747893262216,-2129908030,-1130294811
1079945951,-4229296747893262215,122803510,1035972271
1079945951,-4229296747893262214,599858063,1581510815
1079945951,-4229296747893262213,-286854587,1246535403
1079945951,-4229296747893262212,101718811,-1924827000
1079945951,-4229296747893262211,-1810333626,1035972271
1079945951,-4229296747893262210,-1026465344,1035972271
1079945951,-4229296747893262209,-754474182,-1924827000
1079945951,-4229296747893262208,1632483392,-1973723105
1079945951,-4229296747893262207,-2144767434,1581510815
1079945951,-4229296747893262206,996252474,-1973723105
1079945951,-4229296747893262205,870736055,-1130294811
1079945951,-4229296747893262204,-13636224,-1924827000
1079945951,-4229296747893262203,-2023764022,-1130294811
1079945951,-4229296747893262202,389704307,-1292802131
1079945951,-4229296747893262201,-456493499,1581510815
1079945951,-4229296747893262200,-1712679205,1246535403
1079945951,-4229296747893262199,569015594,-1130294811
1079945951,-4229296747893262198,-1266592566,1035972271
1079945951,-4229296747893262197,134714767,1246535403
1079945951,-4229296747893262196,143873868,1246535403
1079945951,-4229296747893262195,469820485,1581510815
1079945951,-4229296747893262194,37897002,-1292802131
1079945951,-4229296747893262193,-809180008,1246535403
1079945951,-4229296747893262192,-705065510,1246535403
1079945951,-4229296747893262191,-300011235,609821601
1079945951,-4229296747893262190,1503566604,609821601
1079945951,-4229296747893262189,-2058084557,-1973723105
1079945951,-4229296747893262188,-623212480,-1292802131
1079945951,-4229296747893262187,-728444860,-1292802131
1079945951,-4229296747893262186,-866696225,-1973723105
1079945951,-4229296747893262185,1602696937,1035972271
1079945951,-4229296747893262184,-1905423420,1581510815
1079945951,-4229296747893262183,-263714665,-1130294811
1079945951,-4229296747893262182,-1180972659,1035972271
1079945951,-4229296747893262181,-1509202047,-1292802131
1079945951,-4229296747893262180,934612251,1246535403
1079945951,-4229296747893262179,219590930,-1924827000
1079945951,-4229296747893262178,97163813,1246535403
1079945951,-4229296747893262177,264074600,-1130294811
1079945951,-4229296747893262176,1009141407,1581510815
1079945951,-4229296747893262175,120564575,1035972271
1079945951,-4229296747893262174,-258463458,-1292802131
1079945951,-4229296747893262173,-1779624329,-1973723105
1079945951,-4229296747893262172,-2068314836,-1924827000
1079945951,-4229296747893262171,129699997,609821601
1079945951,-4229296747893262170,-1639156919,-1130294811
1079945951,-4229296747893262169,-1503177408,1035972271
1079945951,-4229296747893262168,673452651,1035972271
1079945951,-4229296747893262167,2139997663,609821601
1079945951,-4229296747893262166,2105614871,1035972271
1079945951,-4229296747893262165,-2051220005,-1130294811
1079945951,-4229296747893262164,713974770,609821601
1079945951,-4229296747893262163,-1948606663,1581510815
1079945951,-4229296747893262162,2065949269,-1292802131
1079945951,-4229296747893262161,-749670682,-1924827000
1079945951,-4229296747893262160,1443473627,609821601
1079945951,-4229296747893262159,-704586101,-1924827000
1079945951,-4229296747893262158,132371721,1035972271
1079945951,-4229296747893262157,1130353115,-1292802131
1079945951,-4229296747893262156,143777029,1246535403
1079945951,-4229296747893262155,2142284470,1246535403
1079945951,-4229296747893262154,149476523,1035972271
1079945951,-4229296747893262153,-554918404,-1973723105
1079945951,-4229296747893262152,1281254764,1035972271
1079945951,-4229296747893262151,-1992042018,-1924827000
1079945951,-4229296747893262150,-1602543319,1581510815
1079945951,-4229296747893262149,-2110329368,1035972271
1079945951,-4229296747893262148,824748762,609821601
1079945951,-4229296747893262147,-285132381,-1130294811
1079945951,-4229296747893262146,-1819853959,-1130294811
1079945951,-4229296747893262145,-350866541,-1924827000
1079945951,-4229296747893262144,1495809975,1035972271
1079945951,-4229296747893262143,234931006,1581510815
1079945951,-4229296747893262142,-1027499650,-1973723105
1079945951,-4229296747893262141,381092033,-1924827000
1079945951,-4229296747893262140,431022426,-1973723105
1079945951,-4229296747893262139,-377135041,1581510815
1079945951,-4229296747893262138,1970159743,1035972271
1079945951,-4229296747893262137,-1947548082,-1292802131
1079945951,-4229296747893262136,-1903908325,-1924827000
1079945951,-4229296747893262135,1631915813,1581510815
1079945951,-4229296747893262134,-1710667800,1581510815
1079945951,-4229296747893262133,-274671013,609821601
1079945951,-4229296747893262132,154617724,1581510815
1079945951,-4229296747893262131,-818231619,-1130294811
1079945951,-4229296747893262130,496248425,1581510815
1079945951,-4229296747893262129,37641390,1035972271
1079945951,-4229296747893262128,813020375,-1292802131
1079945951,-4229296747893262127,-749892180,1246535403
1079945951,-4229296747893262126,73789834,-1924827000
1079945951,-4229296747893262125,560599070,1246535403
1079945951,-4229296747893262124,34912685,-1924827000
1079945951,-4229296747893262123,-2004547204,-1130294811
1079945951,-4229296747893262122,-1779597056,1035972271
1079945951,-4229296747893262121,101603487,-1292802131
1079945951,-4229296747893262120,-1855507240,-1130294811
1079945951,-4229296747893262119,-1788501801,609821601
1079945951,-4229296747893262118,99124165,-1292802131
1079945951,-4229296747893262117,634315036,-1130294811
1079945951,-4229296747893262116,1689802798,-1973723105
1079945951,-4229296747893262115,135521595,-1292802131
1079945951,-4229296747893262114,1176068557,-1973723105
1079945951,-4229296747893262113,838356076,-1130294811
1079945951,-4229296747893262112,1950818696,1246535403
1079945951,-4229296747893262111,4389325,-1973723105
1079945951,-4229296747893262110,-152669839,-1292802131
1079945951,-4229296747893262109,2096505636,1035972271
1079945951,-4229296747893262108,219086082,-1292802131
1079945951,-4229296747893262107,148894876,-1973723105
1079945951,-4229296747893262106,-2062826015,609821601
1079945951,-4229296747893262105,-1206146310,-1973723105
1079945951,-4229296747893262104,34601937,609821601
1079945951,-4229296747893262103,78919448,609821601
1079945951,-4229296747893262102,329276873,1581510815
1079945951,-4229296747893262101,-1898836113,609821601
1079945951,-4229296747893262100,-1951094344,1246535403
1079945951,-4229296747893262099,1325320613,-1292802131
1079945951,-4229296747893262098,-1535492436,-1292802131
1079945951,-4229296747893262097,-1857234038,609821601
1079945951,-4229296747893262096,-795606152,-1973723105
1079945951,-4229296747893262095,1960141830,1581510815
1079945951,-4229296747893262094,-288833670,-1292802131
1079945951,-4229296747893262093,145397487,-1130294811
1079945951,-4229296747893262092,-221302486,-1130294811
1079945951,-4229296747893262091,2075857703,1246535403
1079945951,-4229296747893262090,1607828539,1035972271
1079945951,-4229296747893262089,505300946,1035972271
1079945951,-4229296747893262088,1209906268,-1130294811
1079945951,-4229296747893262087,-1054400459,-1924827000
1079945951,-4229296747893262086,35234087,1581510815
1079945951,-4229296747893262085,191830835,1581510815
1079945951,-4229296747893262084,136238300,-1292802131
1079945951,-4229296747893262083,345466143,-1924827000
1079945951,-4229296747893262082,-1039875069,-1292802131
1079945951,-4229296747893262081,-1714142525,1246535403
1079945951,-4229296747893262080,915429633,-1130294811
1079945951,-4229296747893262079,-1070969171,1246535403
1079945951,-4229296747893262078,685659178,-1292802131
1079945951,-4229296747893262077,851844165,609821601
1079945951,-4229296747893262076,-1240943164,-1491494165
1079945951,-4229296747893262075,-358896250,609821601
1079945951,-4229296747893262074,1868686812,1035972271
1079945951,-4229296747893262073,133853675,609821601
1079945951,-4229296747893262072,-1482958135,1581510815
1079945951,-4229296747893262071,-763213914,1581510815
1079945951,-4229296747893262070,-58058710,609821601
1079945951,-4229296747893262069,-899462455,-1491494165
1079945951,-4229296747893262068,769044952,-1491494165
1079945951,-4229296747893262067,1121988630,1581510815
1079945951,-4229296747893262066,2084958743,609821601
1079945951,-4229296747893262065,-1747287067,-1491494165
1079945951,-4229296747893262064,-2009149668,-1973723105
1079945951,-4229296747893262063,-1759565826,-1292802131
1079945951,-4229296747893262062,298878554,-1130294811
1079945951,-4229296747893262061,-2018688905,1581510815
1079945951,-4229296747893262060,2043135709,-1292802131
1079945951,-4229296747893262059,-334746670,1581510815
1079945951,-4229296747893262058,250417200,-1292802131
1079945951,-4229296747893262057,564345188,1581510815
1079945951,-4229296747893262056,843453885,1246535403
1079945951,-4229296747893262055,1329097542,-1130294811
1079945951,-4229296747893262054,-421260407,609821601
1079945951,-4229296747893262053,-1249621128,1246535403
1079945951,-4229296747893262052,1242232020,1035972271
1079945951,-4229296747893262051,1746062395,-1130294811
1079945951,-4229296747893262050,-1372181785,-1491494165
1079945951,-4229296747893262049,-2117824797,-1491494165
1079945951,-4229296747893262048,-1227488524,1246535403
1079945951,-4229296747893262047,1330557409,-1130294811
1079945951,-4229296747893262046,-1823015757,1035972271
1079945951,-4229296747893262045,-109814978,1581510815
1079945951,-4229296747893262044,-90224740,1035972271
1079945951,-4229296747893262043,1205915050,-1973723105
1079945951,-4229296747893262042,2067482541,1246535403
1079945951,-4229296747893262041,1795914838,-1130294811
1079945951,-4229296747893262040,-70550351,609821601
1079945951,-4229296747893262039,81443544,-1292802131
1079945951,-4229296747893262038,-1708718661,609821601
1079945951,-4229296747893262037,-1087648685,-1491494165
1079945951,-4229296747893262036,2108714084,-1491494165
1079945951,-4229296747893262035,140390822,213123126
1079945951,-4229296747893262034,-232293961,1035972271
1079945951,-4229296747893262033,478769950,-1130294811
1079945951,-4229296747893262032,-753703711,-1491494165
1079945951,-4229296747893262031,-1988587512,-1292802131
1079945951,-4229296747893262030,876434431,-1292802131
1079945951,-4229296747893262029,690173500,-1130294811
1079945951,-4229296747893262028,143873868,213123126
1079945951,-4229296747893262027,-774813371,-1130294811
1079945951,-4229296747893262026,-614538921,609821601
1079945951,-4229296747893262025,-1924700592,213123126
1079945951,-4229296747893262024,-535475193,609821601
1079945951,-4229296747893262023,-635172354,213123126
1079945951,-4229296747893262022,1809710187,1035972271
1079945951,-4229296747893262021,281734695,-1491494165
1079945951,-4229296747893262020,-1765739094,1246535403
1079945951,-4229296747893262019,-802085670,1581510815
1079945951,-4229296747893262018,700870831,213123126
1079945951,-4229296747893262017,-514252045,609821601
1079945951,-4229296747893262016,-1482151046,-1491494165
1079945951,-4229296747893262015,1484066642,1581510815
1079945951,-4229296747893262014,218758828,1581510815
1079945951,-4229296747893262013,351113827,-1292802131
1079945951,-4229296747893262012,-1905423420,1035972271
1079945951,-4229296747893262011,1865777000,1035972271
1079945951,-4229296747893262010,1110829298,-1130294811
1079945951,-4229296747893262009,-667708747,-1292802131
1079945951,-4229296747893262008,583428393,-1292802131
1079945951,-4229296747893262007,-2018688905,609821601
1079945951,-4229296747893262006,1534781093,1246535403
1079945951,-4229296747893262005,317141188,609821601
1079945951,-4229296747893262004,382849045,-1491494165
1079945951,-4229296747893262003,-1107944255,1035972271
1079945951,-4229296747893262002,2132623719,-1491494165
1079945951,-4229296747893262001,-451148500,1581510815
1079945951,-4229296747893262000,125570199,1581510815
1079945951,-4229296747893261999,-1908998628,609821601
1079945951,-4229296747893261998,-97537762,-1491494165
1079945951,-4229296747893261997,-847471311,1246535403
1079945951,-4229296747893261996,2114439203,1581510815
1079945951,-4229296747893261995,90673573,213123126
1079945951,-4229296747893261994,-366803618,1581510815
1079945951,-4229296747893261993,-563814932,1581510815
1079945951,-4229296747893261992,-1855514033,1035972271
1079945951,-4229296747893261991,-896427690,-1491494165
1079945951,-4229296747893261990,-1191879467,-1130294811
1079945951,-4229296747893261989,582322183,609821601
1079945951,-4229296747893261988,-104891659,-1292802131
1079945951,-4229296747893261987,1323113154,609821601
1079945951,-4229296747893261986,-308722151,-1491494165
1079945951,-4229296747893261985,-1211417551,-1130294811
1079945951,-4229296747893261984,429831113,1035972271
1079945951,-4229296747893261983,-1746549284,1035972271
1079945951,-4229296747893261982,497958800,-1491494165
1079945951,-4229296747893261981,-1257135243,609821601
1079945951,-4229296747893261980,1200429999,-1130294811
1079945951,-4229296747893261979,386930002,1679403592
1079945951,-4229296747893261978,2006481031,-1130294811
1079945951,-4229296747893261977,-1921564069,1035972271
1079945951,-4229296747893261976,865998866,213123126
1079945951,-4229296747893261975,215931442,609821601
1079945951,-4229296747893261974,895024775,1246535403
1079945951,-4229296747893261973,1734015022,609821601
1079945951,-4229296747893261972,-772826891,609821601
1079945951,-4229296747893261971,2012002244,-1491494165
1079945951,-4229296747893261970,728192128,-1130294811
1079945951,-4229296747893261969,-618433096,1679403592
1079945951,-4229296747893261968,1511650958,609821601
1079945951,-4229296747893261967,1751975236,-1292802131
1079945951,-4229296747893261966,-79811011,-1292802131
1079945951,-4229296747893261965,-440457810,1246535403
1079945951,-4229296747893261964,-183718207,1679403592
1079945951,-4229296747893261963,60158842,1246535403
1079945951,-4229296747893261962,708902407,-1491494165
1079945951,-4229296747893261961,-1247900026,1035972271
1079945951,-4229296747893261960,-1741759695,213123126
1079945951,-4229296747893261959,1067042116,1035972271
1079945951,-4229296747893261958,-781266722,-1491494165
1079945951,-4229296747893261957,-571909750,-1491494165
1079945951,-4229296747893261956,-1657376538,1035972271
1079945951,-4229296747893261955,-1334864736,213123126
1079945951,-4229296747893261954,1602696937,609821601
1079945951,-4229296747893261953,452485055,1246535403
1079945951,-4229296747893261952,-132210071,-1491494165
1079945951,-4229296747893261951,684090396,1035972271
1079945951,-4229296747893261950,-1697762832,1246535403
1079945951,-4229296747893261949,655705674,1035972271
1079945951,-4229296747893261948,-90928011,-1292802131
1079945951,-4229296747893261947,1960141830,213123126
1079945951,-4229296747893261946,-1248760476,1246535403
1079945951,-4229296747893261945,1158946980,-1292802131
1079945951,-4229296747893261944,-1794833162,1679403592
1079945951,-4229296747893261943,-2048932600,1679403592
1079945951,-4229296747893261942,1739183448,213123126
1079945951,-4229296747893261941,-397187017,-1292802131
1079945951,-4229296747893261940,-504307157,-1292802131
1079945951,-4229296747893261939,1733912811,-1130294811
1079945951,-4229296747893261938,1939620133,-1491494165
1079945951,-4229296747893261937,-1839039595,-1292802131
1079945951,-4229296747893261936,-1725433323,609821601
1079945951,-4229296747893261935,-1391792825,1679403592
1079945951,-4229296747893261934,135231988,-1292802131
1079945951,-4229296747893261933,-2007940075,1035972271
1079945951,-4229296747893261932,939180640,213123126
1079945951,-4229296747893261931,-1990749053,-1292802131
1079945951,-4229296747893261930,-2056189561,-1292802131
1079945951,-4229296747893261929,963646316,1246535403
1079945951,-4229296747893261928,-104315813,-1292802131
1079945951,-4229296747893261927,594779267,1035972271
1079945951,-4229296747893261926,2103602533,-1292802131
1079945951,-4229296747893261925,1291741652,609821601
1079945951,-4229296747893261924,1616076840,1246535403
1079945951,-4229296747893261923,37638063,213123126
